kaisai_tsukihi,keibajo_code,race_bango,top3_hit_count,top5_hit_count,top3_predicted,top3_actual,top5_predicted,top5_actual
102,45,1,1,3,"1,2,3","1,4,12","1,2,3,4,5","1,4,12,9,2"
102,45,2,0,2,"12,13,7","1,4,9","12,13,7,9,10","1,4,9,13,5"
102,45,3,1,2,"10,8,3","3,12,11","10,8,3,4,9","3,12,11,10,6"
102,45,4,1,2,"7,5,11","2,11,6","7,5,11,12,1","2,11,6,8,5"
102,45,5,1,2,"1,2,3","3,12,7","1,2,3,4,5","3,12,7,5,9"
102,45,6,0,2,"8,5,10","3,14,7","8,5,10,13,14","3,14,7,8,2"
102,45,7,1,3,"6,2,11","4,6,8","6,2,11,13,8","4,6,8,10,2"
102,45,8,0,1,"7,12,6","2,10,11","7,12,6,13,1","2,10,11,1,4"
102,45,9,0,2,"11,8,3","4,10,12","11,8,3,4,12","4,10,12,1,2"
102,45,10,2,3,"7,14,8","14,3,8","7,14,8,9,12","14,3,8,13,7"
102,45,11,1,2,"5,7,1","4,6,7","5,7,1,3,2","4,6,7,1,8"
102,45,12,1,2,"8,3,13","8,5,12","8,3,13,11,2","8,5,12,7,2"
102,48,1,0,1,"1,2,3","9,11,8","1,2,3,4,5","9,11,8,7,4"
102,48,2,0,1,"1,2,3","8,9,7","1,2,3,4,5","8,9,7,2,11"
102,48,3,0,0,"3,8,9","5,6,10","3,8,9,4,11","5,6,10,7,2"
102,48,4,1,3,"9,4,10","10,8,1","9,4,10,1,2","10,8,1,7,2"
102,48,5,1,2,"9,3,1","4,10,1","9,3,1,4,6","4,10,1,7,8"
102,48,6,0,1,"8,1,3","2,4,5","8,1,3,7,6","2,4,5,9,6"
102,48,7,0,1,"2,10,3","11,1,6","2,10,3,7,9","11,1,6,7,5"
102,48,8,0,0,"2,7,8","10,9,11","2,7,8,3,1","10,9,11,4,6"
102,48,9,0,0,"3,10,2","1,11,12","3,10,2,8,9","1,11,12,7,4"
102,48,10,0,1,"9,7,5","3,11,12","9,7,5,1,2","3,11,12,10,9"
102,48,11,2,2,"11,4,8","7,4,8","11,4,8,5,2","7,4,8,1,10"
102,48,12,1,3,"5,6,1","9,4,5","5,6,1,4,3","9,4,5,6,2"
102,50,1,1,2,"6,9,1","8,11,9","6,9,1,5,11","8,11,9,2,4"
102,50,2,0,1,"1,2,3","9,12,11","1,2,3,4,5","9,12,11,6,2"
102,50,3,1,2,"1,2,3","11,1,8","1,2,3,4,5","11,1,8,6,4"
102,50,4,1,2,"5,11,7","11,6,9","5,11,7,10,3","11,6,9,8,3"
102,50,5,1,3,"8,6,11","11,7,2","8,6,11,7,4","11,7,2,8,9"
102,50,6,1,2,"8,5,4","5,2,6","8,5,4,1,7","5,2,6,3,7"
102,50,7,0,1,"4,9,11","8,7,12","4,9,11,1,10","8,7,12,1,6"
102,50,8,0,2,"6,4,9","11,3,2","6,4,9,1,12","11,3,2,9,1"
102,50,9,1,2,"2,10,8","5,10,9","2,10,8,11,3","5,10,9,7,2"
102,50,10,0,2,"2,4,3","12,1,5","2,4,3,8,5","12,1,5,10,8"
102,50,11,0,2,"2,8,7","11,10,12","2,8,7,6,11","11,10,12,8,9"
102,50,12,0,2,"11,12,1","5,6,3","11,12,1,3,8","5,6,3,8,4"
102,83,1,1,3,"1,2,3","8,1,7","1,2,3,4,5","8,1,7,3,2"
102,83,2,0,3,"1,2,3","4,7,5","1,2,3,4,5","4,7,5,6,3"
102,83,3,2,3,"1,2,3","3,1,6","1,2,3,4,5","3,1,6,10,5"
102,83,4,0,1,"1,2,3","6,7,9","1,2,3,4,5","6,7,9,1,8"
102,83,5,0,3,"1,2,3","8,4,5","1,2,3,4,5","8,4,5,9,3"
102,83,6,0,2,"1,2,3","7,5,10","1,2,3,4,5","7,5,10,6,3"
102,83,7,0,3,"1,2,3","5,4,8","1,2,3,4,5","5,4,8,9,1"
102,83,8,2,5,"1,2,3","2,4,1","1,2,3,4,5","2,4,1,3,5"
102,83,9,2,2,"1,2,3","7,1,3","1,2,3,4,5","7,1,3,9,8"
102,83,10,1,2,"1,2,3","6,3,4","1,2,3,4,5","6,3,4,7,9"
102,83,11,1,2,"1,2,3","8,4,3","1,2,3,4,5","8,4,3,7,9"
102,83,12,0,2,"1,2,3","7,8,6","1,2,3,4,5","7,8,6,3,2"
103,45,1,2,3,"1,2,3","4,3,1","1,2,3,4,5","4,3,1,9,7"
103,45,2,2,3,"1,2,3","2,1,6","1,2,3,4,5","2,1,6,4,8"
103,45,3,1,3,"1,2,3","1,5,7","1,2,3,4,5","1,5,7,9,4"
103,45,4,0,1,"10,7,5","13,4,12","10,7,5,12,14","13,4,12,3,2"
103,45,5,0,1,"10,12,6","1,3,2","10,12,6,1,9","1,3,2,7,8"
103,45,6,1,1,"8,7,11","7,10,2","8,7,11,5,6","7,10,2,9,1"
103,45,7,1,2,"1,9,8","2,4,1","1,9,8,3,10","2,4,1,7,9"
103,45,8,1,3,"11,4,3","12,11,7","11,4,3,5,8","12,11,7,3,8"
103,45,9,2,2,"5,4,11","4,5,12","5,4,11,8,3","4,5,12,9,1"
103,45,10,0,3,"2,1,3","7,4,9","2,1,3,7,9","7,4,9,2,10"
103,45,11,1,3,"1,4,3","2,3,10","1,4,3,10,9","2,3,10,9,6"
103,45,12,0,2,"5,12,1","9,2,3","5,12,1,10,11","9,2,3,11,5"
103,48,1,0,0,"1,2,3","6,11,10","1,2,3,4,5","6,11,10,9,12"
103,48,2,1,2,"1,2,3","8,1,4","1,2,3,4,5","8,1,4,9,6"
103,48,3,0,1,"5,11,6","1,3,2","5,11,6,10,9","1,3,2,12,10"
103,48,4,1,3,"2,9,10","8,7,10","2,9,10,5,8","8,7,10,12,2"
103,48,5,0,0,"2,9,12","7,1,3","2,9,12,4,11","7,1,3,6,8"
103,48,6,1,2,"2,8,11","6,7,2","2,8,11,3,9","6,7,2,10,3"
103,48,7,1,2,"6,12,10","5,8,10","6,12,10,4,3","5,8,10,3,1"
103,48,8,2,4,"1,4,6","1,6,10","1,4,6,7,2","1,6,10,2,7"
103,48,9,0,2,"2,5,12","4,7,1","2,5,12,10,11","4,7,1,11,12"
103,48,10,1,2,"9,11,1","4,9,8","9,11,1,2,3","4,9,8,7,1"
103,48,11,0,2,"11,3,9","8,12,10","11,3,9,4,1","8,12,10,9,11"
103,48,12,0,2,"7,6,2","10,9,8","7,6,2,5,1","10,9,8,5,6"
103,50,1,0,1,"4,10,6","3,5,1","4,10,6,9,5","3,5,1,8,7"
103,50,2,2,3,"1,2,3","1,2,10","1,2,3,4,5","1,2,10,6,5"
103,50,3,0,2,"1,2,3","5,8,9","1,2,3,4,5","5,8,9,3,7"
103,50,4,1,2,"6,7,5","11,9,6","6,7,5,10,8","11,9,6,1,10"
103,50,5,0,2,"12,1,8","7,5,2","12,1,8,2,7","7,5,2,4,3"
103,50,6,1,2,"2,3,5","12,2,7","2,3,5,8,9","12,2,7,11,9"
103,50,7,1,2,"6,11,3","7,6,5","6,11,3,9,7","7,6,5,8,2"
103,50,8,2,2,"8,12,7","8,12,10","8,12,7,3,4","8,12,10,11,5"
103,50,9,0,2,"5,8,1","4,12,11","5,8,1,9,2","4,12,11,8,9"
103,50,10,1,2,"10,11,5","2,12,5","10,11,5,12,7","2,12,5,6,3"
103,50,11,0,2,"8,6,3","4,5,2","8,6,3,12,4","4,5,2,6,7"
103,50,12,1,1,"7,11,1","3,8,11","7,11,1,4,2","3,8,11,5,12"
103,83,1,0,1,"1,2,3","6,8,9","1,2,3,4,5","6,8,9,2,7"
103,83,2,1,3,"1,2,3","1,7,10","1,2,3,4,5","1,7,10,4,2"
103,83,3,0,2,"1,2,3","5,7,10","1,2,3,4,5","5,7,10,1,8"
103,83,4,1,2,"1,2,3","9,10,3","1,2,3,4,5","9,10,3,4,8"
103,83,5,1,2,"1,2,3","10,3,5","1,2,3,4,5","10,3,5,9,7"
103,83,6,0,1,"1,2,3","6,10,7","1,2,3,4,5","6,10,7,9,2"
103,83,7,2,3,"1,2,3","3,6,1","1,2,3,4,5","3,6,1,7,2"
103,83,8,1,3,"1,2,3","9,1,4","1,2,3,4,5","9,1,4,7,5"
103,83,9,0,3,"1,2,3","9,5,4","1,2,3,4,5","9,5,4,8,1"
103,83,10,1,2,"1,2,3","2,4,7","1,2,3,4,5","2,4,7,9,8"
103,83,11,0,1,"1,2,3","5,10,8","1,2,3,4,5","5,10,8,6,9"
103,83,12,2,4,"1,2,3","1,3,7","1,2,3,4,5","1,3,7,5,2"
104,45,1,1,2,"1,2,3","4,9,1","1,2,3,4,5","4,9,1,8,11"
104,45,2,1,4,"1,2,3","6,3,5","1,2,3,4,5","6,3,5,4,1"
104,45,3,1,4,"1,2,3","8,1,5","1,2,3,4,5","8,1,5,4,2"
104,45,4,0,1,"7,11,4","2,1,5","7,11,4,6,3","2,1,5,7,8"
104,45,5,1,2,"4,3,11","1,5,4","4,3,11,7,10","1,5,4,6,7"
104,45,6,2,3,"1,2,3","1,2,8","1,2,3,4,5","1,2,8,4,7"
104,45,7,0,2,"8,11,4","3,5,13","8,11,4,12,13","3,5,13,8,9"
104,45,8,0,1,"8,12,11","9,3,2","8,12,11,13,14","9,3,2,10,8"
104,45,9,1,1,"1,3,13","4,3,7","1,3,13,6,2","4,3,7,5,11"
104,45,10,2,3,"12,7,1","11,1,12","12,7,1,5,11","11,1,12,8,3"
104,45,11,2,2,"10,4,1","4,1,13","10,4,1,12,14","4,1,13,6,11"
104,45,12,0,1,"8,13,12","9,10,7","8,13,12,3,5","9,10,7,11,12"
104,48,1,0,2,"11,8,1","9,6,3","11,8,1,2,3","9,6,3,5,10,11"
104,48,2,0,2,"7,4,9","10,1,8","7,4,9,3,2","10,1,8,4,9"
104,48,3,1,3,"2,3,1","3,4,9","2,3,1,5,8","3,4,9,8,2"
104,48,4,1,1,"5,10,6","4,5,2","5,10,6,7,8","4,5,2,11,3"
104,48,5,1,2,"3,11,8","9,6,3","3,11,8,1,2","9,6,3,12,8"
104,48,6,0,2,"3,1,7","12,9,10","3,1,7,12,4","12,9,10,1,8"
104,48,7,2,3,"10,7,2","7,10,9","10,7,2,5,6","7,10,9,8,2"
104,48,8,0,3,"1,2,3","7,4,10","1,2,3,4,5","7,4,10,3,5"
104,48,9,2,4,"5,10,1","7,10,1","5,10,1,11,4","7,10,1,5,11"
104,48,10,0,2,"1,2,3","8,9,4","1,2,3,4,5","8,9,4,5,6"
104,48,11,1,2,"7,11,1","6,7,3","7,11,1,6,2","6,7,3,9,10"
104,48,12,2,3,"11,7,5","11,9,5","11,7,5,9,8","11,9,5,4,6"
104,55,1,1,2,"1,5,2","10,2,3","1,5,2,3,4","10,2,3,6,8"
104,55,2,1,2,"1,2,3","1,7,8","1,2,3,4,5","1,7,8,9,5"
104,55,3,1,1,"1,10,3","5,3,9","1,10,3,7,2","5,3,9,8,6"
104,55,4,1,3,"1,10,11","12,6,10","1,10,11,12,7","12,6,10,4,11"
104,55,5,1,2,"5,7,10","4,5,1","5,7,10,6,1","4,5,1,8,11"
104,55,6,1,2,"5,7,3","5,11,1","5,7,3,2,10","5,11,1,8,3"
104,55,7,1,4,"3,6,8","7,3,5","3,6,8,2,5","7,3,5,6,8"
104,55,8,1,2,"12,6,5","7,2,5","12,6,5,10,2","7,2,5,4,1"
104,55,9,1,2,"2,6,10","2,9,1","2,6,10,7,8","2,9,1,4,7"
104,83,1,2,4,"1,2,3","8,2,3","1,2,3,4,5","8,2,3,5,4"
104,83,2,0,1,"1,2,3","6,10,4","1,2,3,4,5","6,10,4,9,8"
104,83,3,0,3,"1,2,3","5,4,9","1,2,3,4,5","5,4,9,10,1"
104,83,4,2,2,"1,2,3","8,3,1","1,2,3,4,5","8,3,1,10,7"
104,83,5,0,1,"1,2,3","6,8,10","1,2,3,4,5","6,8,10,7,2"
104,83,6,1,2,"1,2,3","10,7,2","1,2,3,4,5","10,7,2,3,8"
104,83,7,0,2,"1,2,3","8,6,9","1,2,3,4,5","8,6,9,1,2"
104,83,8,1,3,"1,2,3","6,7,1","1,2,3,4,5","6,7,1,2,3"
104,83,9,1,2,"1,2,3","10,5,3","1,2,3,4,5","10,5,3,8,7"
104,83,10,1,2,"1,2,3","7,2,8","1,2,3,4,5","7,2,8,9,1"
104,83,11,0,3,"1,2,3","5,6,4","1,2,3,4,5","5,6,4,9,3"
104,83,12,2,3,"1,2,3","9,2,1","1,2,3,4,5","9,2,1,7,5"
105,48,1,1,2,"1,2,3","5,3,7","1,2,3,4,5","5,3,7,11,9"
105,48,2,1,1,"9,6,11","2,9,10","9,6,11,1,4","2,9,10,5,8"
105,48,3,0,2,"6,10,1","7,3,5","6,10,1,4,5","7,3,5,4,2"
105,48,4,0,1,"1,9,5","7,10,2","1,9,5,8,6","7,10,2,4,9"
105,48,5,1,1,"12,3,11","11,10,9","12,3,11,6,1","11,10,9,7,4"
105,48,6,0,2,"9,7,12","1,5,11","9,7,12,10,4","1,5,11,9,7"
105,48,7,2,2,"4,8,9","4,5,9","4,8,9,12,3","4,5,9,11,6"
105,48,8,1,3,"3,4,7","5,4,12","3,4,7,11,12","5,4,12,3,1"
105,48,9,1,3,"9,8,5","3,10,5","9,8,5,4,7","3,10,5,4,9"
105,48,10,0,1,"6,7,3","2,10,9","6,7,3,11,8","2,10,9,5,3"
105,48,11,3,4,"4,5,3","3,5,4","4,5,3,7,2","3,5,4,6,2"
105,48,12,0,2,"11,7,8","5,1,2","11,7,8,3,6","5,1,2,11,3"
105,55,1,2,3,"1,2,3","1,10,2","1,2,3,4,5","1,10,2,3,7"
105,55,2,0,1,"1,2,3","10,8,7","1,2,3,4,5","10,8,7,4,9"
105,55,3,1,2,"1,11,8","7,1,9","1,11,8,9,3","7,1,9,4,2"
105,55,4,0,2,"10,1,7","4,3,5","10,1,7,11,2","4,3,5,10,2"
105,55,5,1,2,"5,7,3","2,3,4","5,7,3,6,10","2,3,4,1,10"
105,55,6,1,1,"4,5,7","1,7,2","4,5,7,6,3","1,7,2,8,9"
105,55,7,1,1,"12,11,4","10,11,5","12,11,4,3,8","10,11,5,1,2"
105,55,8,2,3,"5,3,4","3,5,9","5,3,4,7,2","3,5,9,4,6"
105,55,9,0,2,"4,8,6","9,1,5","4,8,6,2,11","9,1,5,8,2"
105,55,10,1,3,"2,3,5","6,2,1","2,3,5,1,10","6,2,1,7,5"
105,55,11,1,1,"12,2,7","11,10,12","12,2,7,9,5","11,10,12,1,6"
106,42,1,0,2,"1,2,3","8,9,6","1,2,3,4,5","8,9,6,2,1"
106,42,2,0,3,"1,2,3","8,4,5","1,2,3,4,5","8,4,5,1,10"
106,42,3,2,2,"1,2,3","3,6,2","1,2,3,4,5","3,6,2,12,11"
106,42,4,2,3,"10,2,9","9,2,6","10,2,9,6,8","9,2,6,3,7"
106,42,5,1,2,"9,4,8","8,5,11","9,4,8,10,1","8,5,11,1,3"
106,42,6,2,4,"8,7,6","7,2,8","8,7,6,2,4","7,2,8,1,4"
106,42,7,2,2,"2,8,5","8,4,5","2,8,5,11,12","8,4,5,1,10"
106,42,8,1,2,"13,12,5","3,5,11","13,12,5,1,7","3,5,11,1,10"
106,42,9,0,3,"9,10,3","1,8,4","9,10,3,4,6","1,8,4,10,3"
106,42,10,1,2,"1,4,6","2,12,1","1,4,6,7,8","2,12,1,8,5"
106,42,11,1,2,"8,12,6","11,12,4","8,12,6,10,2","11,12,4,2,7"
106,42,12,0,2,"11,10,3","9,4,12","11,10,3,5,9","9,4,12,8,10"
106,47,1,0,3,"5,2,1","7,4,3","5,2,1,3,4","7,4,3,6,2"
106,47,2,1,3,"2,3,8","7,1,2","2,3,8,4,1","7,1,2,6,4"
106,47,3,0,2,"2,7,1","8,5,3","2,7,1,3,4","8,5,3,6,4"
106,47,4,0,2,"8,1,4","3,6,5","8,1,4,2,3","3,6,5,7,1"
106,47,5,0,2,"1,2,4","7,3,8","1,2,4,8,3","7,3,8,6,5"
106,47,6,1,3,"4,5,1","7,3,1","4,5,1,6,2","7,3,1,4,5"
106,47,7,1,2,"4,6,3","1,6,2","4,6,3,5,1","1,6,2,8,7"
106,47,8,1,4,"3,4,1","6,2,3","3,4,1,5,6","6,2,3,5,1"
106,47,9,0,4,"5,2,4","1,7,3","5,2,4,7,1","1,7,3,4,2"
106,47,10,1,3,"6,4,5","2,6,3","6,4,5,7,1","2,6,3,1,5"
106,47,11,0,2,"7,1,8","2,6,5","7,1,8,6,5","2,6,5,3,4"
107,42,1,1,2,"2,10,5","3,4,2","2,10,5,3,7","3,4,2,6,11"
107,42,2,1,1,"3,7,11","8,7,2","3,7,11,12,1","8,7,2,6,4"
107,42,3,1,2,"5,9,3","1,3,11","5,9,3,4,12","1,3,11,5,8"
107,42,4,0,2,"8,4,1","7,9,10","8,4,1,6,11","7,9,10,6,8"
107,42,5,0,2,"8,4,6","11,12,2","8,4,6,12,3","11,12,2,3,5"
107,42,6,1,3,"11,8,7","5,8,2","11,8,7,1,9","5,8,2,7,1"
107,42,7,0,3,"1,2,3","4,7,9","1,2,3,4,5","4,7,9,2,3"
107,42,8,0,3,"11,12,6","3,4,1","11,12,6,10,1","3,4,1,12,6"
107,42,9,1,2,"4,2,6","9,11,2","4,2,6,5,12","9,11,2,3,4"
107,42,10,0,3,"9,4,1","5,10,13","9,4,1,3,13","5,10,13,9,3"
107,42,11,2,3,"1,2,3","8,2,1","1,2,3,4,5","8,2,1,5,11"
107,42,12,1,2,"10,1,11","2,10,9","10,1,11,12,3","2,10,9,11,8"
107,47,1,0,4,"3,2,1","4,6,5","3,2,1,4,5","4,6,5,2,1"
107,47,2,1,3,"4,2,5","6,4,7","4,2,5,7,1","6,4,7,3,1"
107,47,3,2,4,"3,7,1","6,1,7","3,7,1,4,2","6,1,7,2,3"
107,47,4,2,4,"1,2,5","1,2,4","1,2,5,3,4","1,2,4,6,3"
107,47,5,1,4,"6,2,1","1,5,4","6,2,1,4,3","1,5,4,3,6"
107,47,6,1,4,"4,2,7","1,2,3","4,2,7,3,5","1,2,3,5,4"
107,47,7,1,3,"6,2,3","7,5,3","6,2,3,1,4","7,5,3,6,4"
107,47,8,2,2,"2,8,5","6,5,2","2,8,5,3,7","6,5,2,4,1"
107,47,9,1,3,"3,8,4","1,5,3","3,8,4,6,2","1,5,3,4,6"
107,47,10,0,3,"4,5,3","9,2,1","4,5,3,1,2","9,2,1,5,8"
107,50,1,1,3,"6,9,8","6,7,4","6,9,8,1,5","6,7,4,1,9"
107,50,2,2,3,"8,4,1","4,10,8","8,4,1,3,10","4,10,8,6,9"
107,50,3,2,4,"7,6,3","6,8,7","7,6,3,5,8","6,8,7,10,3"
107,50,4,0,3,"3,8,9","1,5,7","3,8,9,1,5","1,5,7,3,6"
107,50,5,2,2,"4,11,12","4,6,11","4,11,12,1,5","4,6,11,7,10"
107,50,6,1,3,"9,7,4","8,1,7","9,7,4,6,10","8,1,7,10,6"
107,50,7,0,2,"5,1,8","4,7,3","5,1,8,6,2","4,7,3,5,1"
107,50,8,0,3,"3,10,9","8,6,1","3,10,9,7,1","8,6,1,10,3"
107,50,9,0,2,"1,2,3","9,7,6","1,2,3,4,5","9,7,6,3,2"
107,50,10,0,3,"4,10,3","2,9,7","4,10,3,11,9","2,9,7,11,10"
107,50,11,1,4,"4,3,8","6,8,9","4,3,8,9,6","6,8,9,2,4"
107,50,12,1,4,"2,5,4","3,2,1","2,5,4,1,9","3,2,1,4,9"
108,42,1,0,0,"3,10,5","12,1,9","3,10,5,8,2","12,1,9,6,11"
108,42,2,1,4,"5,9,11","2,11,7","5,9,11,7,1","2,11,7,5,1"
108,42,3,2,4,"1,7,10","6,1,10","1,7,10,6,9","6,1,10,9,4"
108,42,4,1,3,"1,2,3","4,5,3","1,2,3,4,5","4,5,3,11,10"
108,42,5,1,2,"5,11,6","5,10,2","5,11,6,10,4","5,10,2,1,3"
108,42,6,0,2,"5,6,12","1,7,4","5,6,12,10,1","1,7,4,9,10"
108,42,7,1,2,"11,6,1","4,11,8","11,6,1,7,2","4,11,8,1,3"
108,42,8,1,3,"10,5,8","12,9,5","10,5,8,1,9","12,9,5,10,6"
108,42,9,1,3,"1,2,3","6,3,5","1,2,3,4,5","6,3,5,12,1"
108,42,10,1,4,"1,5,2","8,2,7","1,5,2,7,4","8,2,7,1,4"
108,42,11,1,2,"2,12,3","7,6,2","2,12,3,5,11","7,6,2,12,8"
108,42,12,0,2,"3,8,4","2,6,1","3,8,4,9,10","2,6,1,8,10"
108,47,1,2,4,"2,7,3","3,2,1","2,7,3,1,6","3,2,1,4,6"
108,47,2,1,3,"5,4,6","2,6,3","5,4,6,3,1","2,6,3,7,1"
108,47,3,1,4,"2,4,6","1,5,6","2,4,6,3,5","1,5,6,4,2"
108,47,4,0,3,"8,4,7","1,5,3","8,4,7,2,5","1,5,3,4,7"
108,47,5,1,3,"7,6,5","4,1,6","7,6,5,3,8","4,1,6,7,5"
108,47,6,1,3,"1,3,5","4,7,1","1,3,5,6,2","4,7,1,6,5"
108,47,7,1,4,"2,4,6","3,4,1","2,4,6,5,3","3,4,1,2,6"
108,47,8,2,4,"5,3,4","6,3,4","5,3,4,6,2","6,3,4,1,5"
108,47,9,1,4,"6,4,1","7,5,6","6,4,1,5,2","7,5,6,4,2"
108,47,10,1,2,"7,8,9","8,2,1","7,8,9,6,4","8,2,1,9,5"
108,50,1,0,1,"3,5,2","7,1,4","3,5,2,6,10","7,1,4,5,8"
108,50,2,2,4,"6,5,8","6,8,9","6,5,8,10,9","6,8,9,7,5"
108,50,3,1,2,"1,2,3","2,11,9","1,2,3,4,5","2,11,9,8,1"
108,50,4,2,3,"1,5,2","1,9,5","1,5,2,10,4","1,9,5,8,4"
108,50,5,0,1,"1,2,3","7,8,4","1,2,3,4,5","7,8,4,12,10"
108,50,6,1,3,"8,6,1","2,8,4","8,6,1,10,2","2,8,4,6,9"
108,50,7,1,2,"2,8,6","10,8,1","2,8,6,4,7","10,8,1,7,5"
108,50,8,1,3,"2,3,8","5,8,9","2,3,8,9,7","5,8,9,4,7"
108,50,9,2,3,"2,3,4","3,9,2","2,3,4,8,7","3,9,2,4,5"
108,50,10,1,2,"2,9,4","12,9,3","2,9,4,5,7","12,9,3,2,8"
108,50,11,2,3,"3,8,6","3,8,2","3,8,6,1,7","3,8,2,1,4"
108,50,12,1,2,"2,5,3","7,3,10","2,5,3,8,11","7,3,10,5,6"
108,83,1,1,3,"1,2,3","9,8,1","1,2,3,4,5","9,8,1,2,5"
108,83,2,0,3,"1,2,3","6,10,5","1,2,3,4,5","6,10,5,4,1"
108,83,3,1,2,"1,2,3","10,3,5","1,2,3,4,5","10,3,5,8,6"
108,83,4,1,2,"1,2,3","8,7,1","1,2,3,4,5","8,7,1,6,3"
108,83,5,1,3,"1,2,3","4,3,10","1,2,3,4,5","4,3,10,5,8"
108,83,6,1,3,"1,2,3","3,8,4","1,2,3,4,5","3,8,4,6,2"
108,83,7,0,2,"1,2,3","7,6,5","1,2,3,4,5","7,6,5,2,8"
108,83,8,1,3,"1,2,3","8,1,5","1,2,3,4,5","8,1,5,4,7"
108,83,9,0,1,"1,2,3","8,7,9","1,2,3,4,5","8,7,9,6,4"
108,83,10,1,2,"1,2,3","8,7,1","1,2,3,4,5","8,7,1,6,4"
108,83,11,1,2,"1,2,3","8,6,2","1,2,3,4,5","8,6,2,5,9"
108,83,12,2,3,"1,2,3","3,2,8","1,2,3,4,5","3,2,8,1,10"
109,42,1,3,3,"1,2,3","1,3,2","1,2,3,4,5","1,3,2,9,8"
109,42,2,0,2,"11,2,1","9,6,4","11,2,1,3,4","9,6,4,1,10"
109,42,3,2,3,"1,2,3","2,3,5","1,2,3,4,5","2,3,5,7,8"
109,42,4,2,2,"12,6,13","9,12,13","12,6,13,1,8","9,12,13,7,11"
109,42,5,2,3,"11,12,2","11,10,12","11,12,2,8,4","11,10,12,4,7"
109,42,6,1,2,"6,9,1","6,5,3","6,9,1,11,12","6,5,3,1,7"
109,42,7,2,2,"1,2,4","2,4,12","1,2,4,3,7","2,4,12,6,8"
109,42,8,0,1,"7,2,8","3,4,5","7,2,8,13,12","3,4,5,1,2"
109,42,9,1,3,"5,2,9","2,7,10","5,2,9,10,6","2,7,10,5,3"
109,42,10,2,3,"12,10,9","12,10,4","12,10,9,4,1","12,10,4,2,3"
109,42,11,1,3,"9,5,3","6,1,9","9,5,3,8,2","6,1,9,5,8"
109,42,12,1,2,"1,3,10","6,5,3","1,3,10,5,12","6,5,3,9,8"
109,47,1,0,2,"1,2,3","8,7,6","1,2,3,4,5","8,7,6,2,3"
109,47,2,1,3,"1,4,5","5,7,2","1,4,5,8,2","5,7,2,4,3"
109,47,3,0,2,"6,5,4","2,1,3","6,5,4,7,2","2,1,3,9,4"
109,47,4,1,2,"6,4,7","2,5,6","6,4,7,3,1","2,5,6,4,8"
109,47,5,2,4,"6,3,4","2,6,3","6,3,4,1,5","2,6,3,4,1"
109,47,6,0,2,"5,4,8","2,3,1","5,4,8,6,7","2,3,1,5,7"
109,47,7,1,3,"1,2,3","1,4,7","1,2,3,4,5","1,4,7,5,8"
109,47,8,2,3,"5,7,3","3,7,1","5,7,3,6,8","3,7,1,6,4"
109,47,9,3,4,"1,2,3","1,2,3","1,2,3,4,5","1,2,3,4,8"
109,47,10,0,2,"1,2,3","8,4,10","1,2,3,4,5","8,4,10,5,9"
109,47,11,2,2,"1,2,3","1,7,3","1,2,3,4,5","1,7,3,8,9"
109,83,1,0,2,"1,2,3","5,7,8","1,2,3,4,5","5,7,8,9,1"
109,83,2,1,2,"1,2,3","10,2,5","1,2,3,4,5","10,2,5,7,9"
109,83,3,2,3,"1,2,3","6,1,2","1,2,3,4,5","6,1,2,4,9"
109,83,4,1,3,"1,2,3","2,8,7","1,2,3,4,5","2,8,7,5,3"
109,83,5,1,3,"1,2,3","8,7,3","1,2,3,4,5","8,7,3,4,2"
109,83,6,0,2,"1,2,3","6,10,8","1,2,3,4,5","6,10,8,4,5"
109,83,7,0,0,"1,2,3","7,10,8","1,2,3,4,5","7,10,8,6,9"
109,83,8,1,3,"1,2,3","2,4,10","1,2,3,4,5","2,4,10,8,5"
109,83,9,1,2,"1,2,3","3,10,7","1,2,3,4,5","3,10,7,5,8"
109,83,10,2,4,"1,2,3","1,2,8","1,2,3,4,5","1,2,8,5,4"
109,83,11,1,3,"1,2,3","4,9,1","1,2,3,4,5","4,9,1,10,2"
109,83,12,1,3,"1,2,3","7,4,1","1,2,3,4,5","7,4,1,3,6"
110,54,1,1,2,"1,2,3","7,9,2","1,2,3,4,5","7,9,2,6,5"
110,54,2,2,3,"1,2,3","9,2,3","1,2,3,4,5","9,2,3,5,8"
110,54,3,2,3,"8,4,2","2,3,8","8,4,2,7,1","2,3,8,12,4"
110,54,4,3,5,"5,1,3","5,1,3","5,1,3,2,4","5,1,3,4,2"
110,54,5,1,1,"4,8,1","4,2,10","4,8,1,7,9","4,2,10,3,11"
110,54,6,2,2,"10,2,1","9,2,1","10,2,1,7,8","9,2,1,6,5"
110,54,7,1,3,"5,8,4","4,7,9","5,8,4,3,9","4,7,9,6,3"
110,54,8,0,2,"8,2,9","4,5,1","8,2,9,3,5","4,5,1,6,3"
110,54,9,0,1,"1,8,5","9,6,10","1,8,5,7,4","9,6,10,1,2"
110,54,10,2,4,"6,2,1","5,6,2","6,2,1,4,3","5,6,2,4,3"
110,54,11,2,3,"4,10,9","4,9,8","4,10,9,2,3","4,9,8,10,6"
110,55,1,1,3,"1,2,3","1,6,7","1,2,3,4,5","1,6,7,2,4"
110,55,2,0,2,"1,2,3","7,8,5","1,2,3,4,5","7,8,5,3,9"
110,55,3,0,2,"2,5,10","6,1,7","2,5,10,4,1","6,1,7,2,8"
110,55,4,1,4,"2,5,3","3,6,4","2,5,3,6,9","3,6,4,2,9"
110,55,5,1,1,"2,1,10","2,9,5","2,1,10,11,7","2,9,5,3,6"
110,55,6,0,0,"10,12,7","4,11,6","10,12,7,8,2","4,11,6,5,9"
110,55,7,2,2,"11,8,7","11,10,7","11,8,7,6,12","11,10,7,5,9"
110,55,8,1,3,"7,1,10","1,6,3","7,1,10,8,2","1,6,3,7,10"
110,55,9,1,3,"9,4,8","3,1,4","9,4,8,1,2","3,1,4,7,9"
110,55,10,3,3,"4,11,2","4,11,2","4,11,2,5,9","4,11,2,8,7"
110,55,11,1,2,"7,2,10","9,10,6","7,2,10,3,6","9,10,6,5,8"
110,83,1,1,4,"1,2,3","9,4,1","1,2,3,4,5","9,4,1,5,3"
110,83,2,1,2,"1,2,3","9,5,2","1,2,3,4,5","9,5,2,8,7"
110,83,3,1,2,"1,2,3","6,9,3","1,2,3,4,5","6,9,3,4,10"
110,83,4,1,2,"1,2,3","9,8,3","1,2,3,4,5","9,8,3,4,10"
110,83,5,1,2,"1,2,3","2,7,6","1,2,3,4,5","2,7,6,8,3"
110,83,6,2,3,"1,2,3","4,3,1","1,2,3,4,5","4,3,1,8,9"
110,83,7,1,3,"1,2,3","2,10,5","1,2,3,4,5","2,10,5,6,1"
110,83,8,2,2,"1,2,3","6,1,3","1,2,3,4,5","6,1,3,8,7"
110,83,9,1,3,"1,2,3","3,6,7","1,2,3,4,5","3,6,7,4,1"
110,83,10,1,2,"1,2,3","8,1,7","1,2,3,4,5","8,1,7,6,5"
110,83,11,1,2,"1,2,3","8,2,4","1,2,3,4,5","8,2,4,7,9"
110,83,12,1,2,"1,2,3","6,3,4","1,2,3,4,5","6,3,4,8,9"
111,54,1,1,3,"1,2,3","8,6,2","1,2,3,4,5","8,6,2,5,3"
111,54,2,1,3,"1,2,3","7,5,3","1,2,3,4,5","7,5,3,1,8"
111,54,3,0,2,"6,5,10","3,9,7","6,5,10,1,2","3,9,7,5,10"
111,54,4,1,3,"3,5,8","7,6,5","3,5,8,7,1","7,6,5,4,8"
111,54,5,1,3,"2,3,1","5,2,4","2,3,1,4,5","5,2,4,8,7"
111,54,6,0,3,"3,4,6","2,1,5","3,4,6,1,2","2,1,5,7,4"
111,54,7,1,2,"5,7,9","8,6,9","5,7,9,3,10","8,6,9,4,7"
111,54,8,1,2,"7,5,4","1,2,7","7,5,4,6,8","1,2,7,8,9"
111,54,9,2,4,"2,1,4","1,8,2","2,1,4,3,8","1,8,2,3,5"
111,54,10,1,3,"5,1,8","2,5,6","5,1,8,7,2","2,5,6,7,3"
111,54,11,1,2,"5,4,9","1,5,11","5,4,9,3,7","1,5,11,8,3"
111,55,1,1,1,"6,2,5","9,4,5","6,2,5,3,7","9,4,5,10,1"
111,55,2,2,2,"7,3,6","2,7,6","7,3,6,1,5","2,7,6,4,10"
111,55,3,0,1,"9,1,11","8,6,2","9,1,11,10,7","8,6,2,5,11"
111,55,4,1,3,"9,4,2","1,6,2","9,4,2,5,7","1,6,2,7,5"
111,55,5,0,2,"7,10,4","3,1,9","7,10,4,5,6","3,1,9,10,4"
111,55,6,1,2,"6,9,5","2,9,8","6,9,5,12,8","2,9,8,4,1"
111,55,7,0,1,"7,11,4","5,6,10","7,11,4,5,2","5,6,10,1,9"
111,55,8,1,2,"4,9,5","4,1,7","4,9,5,3,11","4,1,7,9,2"
111,55,9,0,4,"1,2,3","6,4,5","1,2,3,4,5","6,4,5,1,2"
111,55,10,0,1,"8,9,6","7,1,11","8,9,6,5,2","7,1,11,3,8"
112,44,1,0,2,"9,10,11","13,6,4","9,10,11,1,2","13,6,4,9,1"
112,44,2,0,2,"13,8,3","5,12,2","13,8,3,10,1","5,12,2,8,3"
112,44,3,1,2,"14,12,8","6,8,1","14,12,8,3,2","6,8,1,2,13"
112,44,4,2,4,"1,2,3","3,2,6","1,2,3,4,5","3,2,6,1,5"
112,44,5,1,4,"1,2,3","3,6,5","1,2,3,4,5","3,6,5,2,4"
112,44,6,1,2,"1,2,3","14,13,3","1,2,3,4,5","14,13,3,8,2"
112,44,7,1,3,"1,2,3","11,5,1","1,2,3,4,5","11,5,1,7,4"
112,44,8,0,1,"11,8,9","10,1,2","11,8,9,1,12","10,1,2,5,4"
112,44,9,2,3,"9,6,12","12,9,5","9,6,12,8,1","12,9,5,8,3"
112,44,10,0,1,"10,1,11","4,9,5","10,1,11,7,3","4,9,5,8,11"
112,44,11,1,3,"1,3,4","9,1,2","1,3,4,6,9","9,1,2,5,6"
112,44,12,0,1,"7,11,6","2,8,5","7,11,6,4,16","2,8,5,1,7"
112,54,1,2,4,"1,2,3","3,1,7","1,2,3,4,5","3,1,7,4,5"
112,54,2,1,3,"1,2,3","3,6,5","1,2,3,4,5","3,6,5,1,8"
112,54,3,1,2,"7,9,3","4,5,7","7,9,3,10,1","4,5,7,10,8"
112,54,4,1,2,"1,7,8","9,7,2","1,7,8,5,6","9,7,2,5,3"
112,54,5,1,3,"8,6,1","2,5,1","8,6,1,3,2","2,5,1,3,4"
112,54,6,1,1,"10,3,2","1,2,11","10,3,2,9,7","1,2,11,5,4"
112,54,7,1,3,"9,1,4","9,3,10","9,1,4,5,7","9,3,10,1,7"
112,54,8,2,4,"5,6,2","1,6,5","5,6,2,1,7","1,6,5,3,7"
112,54,9,1,3,"6,3,2","8,2,1","6,3,2,7,4","8,2,1,6,4"
112,54,10,1,1,"9,4,6","8,3,4","9,4,6,7,1","8,3,4,5,2"
112,54,11,0,1,"4,10,12","1,3,2","4,10,12,11,1","1,3,2,6,8"
113,44,1,1,2,"3,1,12","5,9,1","3,1,12,10,2","5,9,1,4,12"
113,44,2,0,0,"1,7,4","10,3,13","1,7,4,11,15","10,3,13,6,8"
113,44,3,1,1,"1,2,3","9,10,1","1,2,3,4,5","9,10,1,7,8"
113,44,4,1,2,"1,2,3","6,1,10","1,2,3,4,5","6,1,10,4,14"
113,44,5,0,1,"1,2,3","12,8,9","1,2,3,4,5","12,8,9,10,5"
113,44,6,0,0,"1,2,3","10,8,13","1,2,3,4,5","10,8,13,11,9"
113,44,7,1,2,"10,6,12","10,4,7","10,6,12,13,11","10,4,7,1,11"
113,44,8,2,3,"2,8,5","8,2,12","2,8,5,1,11","8,2,12,4,1"
113,44,9,1,3,"6,1,5","2,1,8","6,1,5,4,8","2,1,8,3,5"
113,44,10,1,3,"6,3,7","3,12,2","6,3,7,12,2","3,12,2,11,10"
113,44,11,1,5,"7,4,1","9,4,6","7,4,1,6,9","9,4,6,7,1"
113,44,12,0,1,"5,15,16","14,7,3","5,15,16,8,9","14,7,3,15,12"
113,48,1,1,3,"6,11,1","9,3,1","6,11,1,2,3","9,3,1,2,5"
113,48,2,0,1,"2,11,5","7,3,9","2,11,5,1,3","7,3,9,6,8"
113,48,3,0,2,"11,7,1","2,6,3","11,7,1,2,3","2,6,3,5,9"
113,48,4,0,4,"5,2,1","4,3,6","5,2,1,3,4","4,3,6,2,5"
113,48,5,1,2,"9,6,5","9,12,3","9,6,5,1,2","9,12,3,7,6"
113,48,6,0,1,"8,1,3","10,12,5","8,1,3,9,2","10,12,5,6,9"
113,48,7,0,2,"8,5,7","12,4,1","8,5,7,1,2","12,4,1,11,5"
113,48,8,0,1,"12,3,10","5,11,6","12,3,10,1,2","5,11,6,1,4"
113,48,9,1,5,"5,4,1","2,3,4","5,4,1,3,2","2,3,4,5,1"
113,48,10,1,2,"2,4,5","4,10,8","2,4,5,7,11","4,10,8,6,11"
113,48,11,2,2,"9,12,7","12,6,9","9,12,7,1,2","12,6,9,4,11"
113,48,12,1,2,"7,6,1","9,7,4","7,6,1,2,8","9,7,4,8,5"
113,50,1,1,1,"5,1,9","5,11,10","5,1,9,4,3","5,11,10,12,7"
113,50,2,0,4,"1,2,3","4,6,5","1,2,3,4,5","4,6,5,2,1"
113,50,3,1,2,"1,8,12","9,8,11","1,8,12,11,5","9,8,11,7,3"
113,50,4,1,2,"4,3,11","6,10,3","4,3,11,9,5","6,10,3,11,2"
113,50,5,1,2,"5,2,1","3,10,1","5,2,1,4,6","3,10,1,7,4"
113,50,6,1,3,"6,5,3","9,6,4","6,5,3,10,4","9,6,4,10,1"
113,50,7,0,2,"2,1,3","9,4,10","2,1,3,4,5","9,4,10,5,6"
113,50,8,0,2,"1,2,5","6,7,11","1,2,5,10,9","6,7,11,9,1"
113,50,9,0,2,"3,2,8","7,9,1","3,2,8,9,10","7,9,1,10,11"
113,50,10,1,3,"3,4,2","8,5,4","3,4,2,5,1","8,5,4,7,2"
113,50,11,2,3,"8,9,6","8,9,4","8,9,6,7,2","8,9,4,10,7"
113,50,12,2,3,"6,4,7","11,6,4,12","6,4,7,3,8","11,6,4,12,3"
113,54,1,0,1,"8,7,1","9,5,6","8,7,1,2,3","9,5,6,4,3"
113,54,2,1,3,"3,10,5","3,7,1","3,10,5,2,1","3,7,1,6,5"
113,54,3,1,2,"9,1,3","2,6,9","9,1,3,5,8","2,6,9,7,1"
113,54,4,1,3,"7,1,5","2,3,7","7,1,5,4,2","2,3,7,6,5"
113,54,5,1,4,"5,7,3","2,3,1","5,7,3,2,1","2,3,1,7,4"
113,54,6,1,3,"3,6,7","5,4,7","3,6,7,1,2","5,4,7,2,6"
113,54,7,1,2,"2,7,8","4,1,8","2,7,8,3,6","4,1,8,5,6"
113,54,8,1,4,"2,3,7","4,5,7","2,3,7,4,6","4,5,7,2,6"
113,54,9,1,3,"7,6,5","5,2,4","7,6,5,8,3","5,2,4,3,8"
113,54,10,1,1,"6,5,1","5,8,7","6,5,1,11,9","5,8,7,2,3"
114,44,1,1,2,"4,8,2","5,1,8","4,8,2,6,13","5,1,8,13,7"
114,44,2,0,0,"5,7,9","2,10,13","5,7,9,3,15","2,10,13,8,11"
114,44,3,1,2,"1,2,3","3,6,9","1,2,3,4,5","3,6,9,2,11"
114,44,4,1,4,"1,2,3","10,4,3","1,2,3,4,5","10,4,3,1,2"
114,44,5,0,1,"1,2,3","6,10,7","1,2,3,4,5","6,10,7,2,8"
114,44,6,0,1,"8,11,13","2,12,4","8,11,13,10,7","2,12,4,5,13"
114,44,7,1,2,"11,6,10","5,12,11","11,6,10,8,4","5,12,11,4,9"
114,44,8,0,0,"7,12,2","8,3,13","7,12,2,9,5","8,3,13,4,1"
114,44,9,1,4,"9,8,6","5,10,9","9,8,6,10,5","5,10,9,4,8"
114,44,10,0,1,"7,11,6","8,2,12","7,11,6,9,3","8,2,12,9,5"
114,44,11,2,3,"11,9,7","3,9,7","11,9,7,10,8","3,9,7,5,10"
114,44,12,0,2,"14,11,6","10,7,5","14,11,6,5,9","10,7,5,11,4"
114,48,1,0,1,"2,8,4","3,5,10","2,8,4,1,3","3,5,10,9,6"
114,48,2,0,1,"10,4,11","3,5,6","10,4,11,7,8","3,5,6,1,4"
114,48,3,0,2,"11,3,8","5,7,9","11,3,8,1,9","5,7,9,8,6"
114,48,4,1,2,"4,2,7","10,4,3","4,2,7,1,11","10,4,3,8,1"
114,48,5,1,2,"9,7,4","6,9,5","9,7,4,1,2","6,9,5,1,8"
114,48,6,1,2,"1,2,3","8,1,9","1,2,3,4,5","8,1,9,10,5"
114,48,7,1,3,"1,2,3","5,2,8","1,2,3,4,5","5,2,8,6,3"
114,48,8,0,1,"5,9,6","7,1,10","5,9,6,2,11","7,1,10,11,8"
114,48,9,0,2,"6,8,4","9,7,5","6,8,4,2,3","9,7,5,2,8"
114,48,10,1,2,"1,2,3","11,2,7","1,2,3,4,5","11,2,7,1,6"
114,48,11,1,3,"6,5,4","6,1,3","6,5,4,7,2","6,1,3,2,4"
114,48,12,3,3,"9,5,4","9,5,4","9,5,4,6,8","9,5,4,1,10"
114,50,1,2,4,"3,8,1","4,1,3","3,8,1,4,2","4,1,3,2,10"
114,50,2,1,2,"1,2,3","1,7,4","1,2,3,4,5","1,7,4,8,6"
114,50,3,2,2,"11,2,10","2,10,4","11,2,10,7,5","2,10,4,8,1"
114,50,4,0,3,"10,2,12","9,5,4","10,2,12,5,4","9,5,4,8,2"
114,50,5,1,1,"8,4,7","9,4,2","8,4,7,10,5","9,4,2,3,6"
114,50,6,0,2,"3,6,8","1,5,10","3,6,8,4,2","1,5,10,8,4"
114,50,7,1,2,"2,8,6","1,8,3","2,8,6,9,7","1,8,3,9,10"
114,50,8,1,3,"6,9,8","6,7,2","6,9,8,4,1","6,7,2,4,8"
114,50,9,2,4,"4,7,8","4,8,1","4,7,8,9,1","4,8,1,5,7"
114,50,10,1,2,"1,2,3","6,2,10","1,2,3,4,5","6,2,10,3,7"
114,50,11,1,2,"8,12,11","10,8,3","8,12,11,2,4","10,8,3,7,2"
114,50,12,1,1,"3,12,8","6,2,8","3,12,8,11,9","6,2,8,7,4"
115,44,1,3,3,"2,12,11","12,2,11","2,12,11,8,4","12,2,11,7,6"
115,44,2,2,4,"1,2,3","1,6,3","1,2,3,4,5","1,6,3,5,4"
115,44,3,1,3,"1,2,3","5,2,8","1,2,3,4,5","5,2,8,7,1"
115,44,4,1,1,"4,8,13","3,4,10","4,8,13,9,5","3,4,10,1,7"
115,44,5,0,1,"14,1,15","13,12,4","14,1,15,11,5","13,12,4,2,14"
115,44,6,0,0,"8,13,5","4,3,6","8,13,5,2,10","4,3,6,1,7"
115,44,7,1,2,"2,11,4","2,6,1","2,11,4,5,8","2,6,1,10,11"
115,44,8,1,4,"1,2,3","5,4,2","1,2,3,4,5","5,4,2,1,6"
115,44,9,0,1,"4,3,10","8,6,2","4,3,10,1,9","8,6,2,7,4"
115,44,10,2,3,"9,1,2","9,10,2","9,1,2,7,5","9,10,2,12,1"
115,44,11,1,4,"9,1,3","8,1,10","9,1,3,8,5","8,1,10,5,3"
115,44,12,1,4,"2,7,5","1,5,6","2,7,5,6,1","1,5,6,2,4"
115,48,1,1,2,"11,6,1","2,9,1","11,6,1,2,3","2,9,1,10,5"
115,48,2,0,2,"11,5,6","7,9,3","11,5,6,4,1","7,9,3,5,1"
115,48,3,1,3,"3,6,4","4,1,7","3,6,4,2,11","4,1,7,3,6"
115,48,4,1,1,"8,1,7","4,7,10","8,1,7,6,2","4,7,10,5,11"
115,48,5,0,1,"4,1,6","8,10,5","4,1,6,2,9","8,10,5,11,9"
115,48,6,0,0,"3,5,12","10,6,2","3,5,12,7,1","10,6,2,9,11"
115,48,7,0,2,"7,6,5","10,8,4","7,6,5,2,9","10,8,4,7,9"
115,48,8,1,5,"1,2,3","5,4,1","1,2,3,4,5","5,4,1,2,3"
115,48,9,1,2,"9,2,5","5,1,7","9,2,5,10,1","5,1,7,8,3"
115,48,10,1,2,"1,6,4","10,7,4","1,6,4,8,9","10,7,4,2,9"
115,48,11,1,3,"1,2,3","5,1,6","1,2,3,4,5","5,1,6,4,8"
115,48,12,2,5,"5,7,4","5,7,1","5,7,4,1,2","5,7,1,4,2"
115,50,1,0,1,"5,12,11","7,2,9","5,12,11,3,8","7,2,9,10,5"
115,50,2,0,1,"1,2,3","12,7,6","1,2,3,4,5","12,7,6,11,5"
115,50,3,1,3,"3,4,1","4,6,5","3,4,1,8,5","4,6,5,1,9"
115,50,4,1,2,"9,11,4","1,9,7","9,11,4,3,2","1,9,7,3,10"
115,50,5,1,3,"10,7,5","12,3,10","10,7,5,3,6","12,3,10,11,6"
115,50,6,1,2,"8,10,6","1,10,9","8,10,6,3,4","1,10,9,5,6"
115,50,7,2,3,"2,3,4","4,2,7","2,3,4,8,6","4,2,7,1,8"
115,50,8,1,4,"1,2,3","8,5,3","1,2,3,4,5","8,5,3,2,4"
115,50,9,0,3,"2,6,8","5,3,4","2,6,8,1,3","5,3,4,8,1"
115,50,10,2,2,"9,8,7","4,7,8","9,8,7,3,2","4,7,8,1,5"
115,50,11,2,2,"1,8,7","2,8,7","1,8,7,3,5","2,8,7,4,9"
115,50,12,1,3,"1,4,8","1,5,9","1,4,8,2,9","1,5,9,4,3"
116,44,1,1,1,"5,10,14","5,1,12","5,10,14,11,4","5,1,12,8,6"
116,44,2,0,1,"14,5,1","10,13,15","14,5,1,9,2","10,13,15,9,6"
116,44,3,1,2,"4,11,6","8,3,11","4,11,6,7,9","8,3,11,7,2"
116,44,4,1,3,"4,6,12","14,4,7","4,6,12,8,11","14,4,7,12,11"
116,44,5,3,4,"6,1,4","4,6,1","6,1,4,8,2","4,6,1,9,2"
116,44,6,1,2,"13,11,2","13,10,3","13,11,2,8,5","13,10,3,2,12"
116,44,7,1,3,"9,7,8","5,9,1","9,7,8,2,5","5,9,1,4,2"
116,44,8,1,1,"6,2,1","6,12,9","6,2,1,10,7","6,12,9,5,11"
116,44,9,0,2,"7,11,1","6,12,3","7,11,1,5,9","6,12,3,1,11"
116,44,10,0,1,"5,8,11","3,2,1","5,8,11,10,4","3,2,1,8,6"
116,44,11,3,3,"6,4,7","6,4,7","6,4,7,2,5","6,4,7,10,11"
116,44,12,2,2,"6,7,3","7,4,6","6,7,3,14,13","7,4,6,11,10"
116,48,1,1,2,"1,2,3","4,3,10","1,2,3,4,5","4,3,10,7,8"
116,48,2,1,2,"1,2,3","2,8,11","1,2,3,4,5","2,8,11,7,1"
116,48,3,0,2,"1,2,3","8,10,5","1,2,3,4,5","8,10,5,11,4"
116,48,4,0,1,"1,4,2","10,5,8","1,4,2,3,5","10,5,8,7,6"
116,48,5,0,2,"9,6,8","1,5,7","9,6,8,3,1","1,5,7,4,8"
116,48,6,0,1,"5,8,4","6,10,3","5,8,4,9,1","6,10,3,7,5"
116,48,7,0,1,"5,8,10","9,7,6","5,8,10,1,11","9,7,6,1,3"
116,48,8,0,2,"10,9,8","4,12,7","10,9,8,2,11","4,12,7,11,9"
116,48,9,1,3,"6,3,5","9,6,7","6,3,5,1,8","9,6,7,1,3"
116,48,10,1,2,"6,5,2","5,9,3","6,5,2,10,11","5,9,3,7,6"
116,48,11,2,4,"4,3,2","3,6,4","4,3,2,7,5","3,6,4,7,2"
116,48,12,0,1,"4,8,11","9,5,12","4,8,11,10,1","9,5,12,1,2"
117,55,1,1,3,"1,2,3","3,4,8","1,2,3,4,5","3,4,8,6,2"
117,55,2,0,3,"1,2,3","4,5,11","1,2,3,4,5","4,5,11,9,1"
117,55,3,1,3,"6,5,7","1,7,8","6,5,7,8,4","1,7,8,2,5"
117,55,4,2,2,"2,4,6","2,10,6","2,4,6,9,7","2,10,6,1,5"
117,55,5,1,1,"7,4,6","7,8,3","7,4,6,10,1","7,8,3,2,9"
117,55,6,0,0,"6,11,4","1,5,7","6,11,4,2,9","1,5,7,8,10"
117,55,7,1,1,"5,10,9","8,3,5","5,10,9,4,7","8,3,5,6,1"
117,55,8,1,2,"10,9,3","4,10,6","10,9,3,8,1","4,10,6,1,11"
117,55,9,1,2,"7,4,2","12,10,7","7,4,2,1,9","12,10,7,2,5"
117,55,10,1,1,"5,3,2","1,8,5","5,3,2,6,9","1,8,5,7,4"
117,83,1,2,2,"1,2,3","2,1,6","1,2,3,4,5","2,1,6,7,9"
117,83,2,0,3,"1,2,3","5,8,9","1,2,3,4,5","5,8,9,3,2"
117,83,3,2,2,"1,2,3","3,10,1","1,2,3,4,5","3,10,1,6,9"
117,83,4,0,2,"1,2,3","4,5,7","1,2,3,4,5","4,5,7,6,8"
117,83,5,0,3,"1,2,3","5,4,8","1,2,3,4,5","5,4,8,1,9"
117,83,6,0,2,"1,2,3","9,10,7","1,2,3,4,5","9,10,7,4,2"
117,83,7,1,4,"1,2,3","3,6,4","1,2,3,4,5","3,6,4,2,1"
117,83,8,0,4,"1,2,3","8,5,4","1,2,3,4,5","8,5,4,3,2"
117,83,9,1,3,"1,2,3","1,9,7","1,2,3,4,5","1,9,7,3,4"
117,83,10,1,2,"1,2,3","9,8,3","1,2,3,4,5","9,8,3,2,6"
117,83,11,0,2,"1,2,3","10,7,5","1,2,3,4,5","10,7,5,1,9"
117,83,12,0,1,"1,2,3","7,8,9","1,2,3,4,5","7,8,9,6,4"
118,54,1,1,2,"1,2,3","1,7,5","1,2,3,4,5","1,7,5,6,8"
118,54,2,1,3,"1,2,3","7,6,1","1,2,3,4,5","7,6,1,3,5"
118,54,3,0,3,"8,2,1","4,9,7","8,2,1,5,7","4,9,7,1,2"
118,54,4,1,4,"7,4,10","6,1,7","7,4,10,8,6","6,1,7,4,10"
118,54,5,1,1,"5,11,9","10,5,4","5,11,9,3,8","10,5,4,7,1"
118,54,6,1,3,"4,5,6","1,6,7","4,5,6,8,3","1,6,7,5,3"
118,54,7,0,2,"3,8,1","6,2,4","3,8,1,9,7","6,2,4,1,3"
118,54,8,1,2,"5,9,4","8,5,7","5,9,4,2,6","8,5,7,3,2"
118,54,9,2,3,"3,9,8","3,8,6","3,9,8,1,10","3,8,6,5,10"
118,54,10,2,3,"3,9,11","11,5,9","3,9,11,8,10","11,5,9,12,3"
118,55,1,1,3,"4,5,1","7,4,2","4,5,1,3,6","7,4,2,6,5"
118,55,2,0,3,"10,6,8","11,9,3","10,6,8,11,1","11,9,3,10,1"
118,55,3,0,3,"3,4,12","2,7,6","3,4,12,6,5","2,7,6,4,12"
118,55,4,1,3,"9,4,8","4,6,10","9,4,8,10,2","4,6,10,11,2"
118,55,5,1,2,"1,11,7","8,4,1","1,11,7,5,6","8,4,1,9,7"
118,55,6,1,2,"4,1,6","5,2,4","4,1,6,2,10","5,2,4,9,7"
118,55,7,0,1,"7,9,1","5,8,6","7,9,1,2,4","5,8,6,3,1"
118,55,8,1,1,"11,7,6","11,5,4","11,7,6,9,3","11,5,4,8,10"
118,55,9,2,3,"7,11,10","7,1,11","7,11,10,4,5","7,1,11,8,5"
118,55,10,1,2,"1,2,3","8,6,1","1,2,3,4,5","8,6,1,7,4"
118,83,1,1,2,"1,2,3","6,3,8","1,2,3,4,5","6,3,8,7,2"
118,83,2,1,2,"1,2,3","5,1,6","1,2,3,4,5","5,1,6,7,9"
118,83,3,1,2,"1,2,3","3,5,7","1,2,3,4,5","3,5,7,10,9"
118,83,4,0,1,"1,2,3","5,7,8","1,2,3,4,5","5,7,8,6,9"
118,83,5,0,1,"1,2,3","9,5,10","1,2,3,4,5","9,5,10,6,8"
118,83,6,0,3,"1,2,3","8,5,10","1,2,3,4,5","8,5,10,3,1"
118,83,7,0,2,"1,2,3","9,6,8","1,2,3,4,5","9,6,8,4,5"
118,83,8,2,2,"1,2,3","2,1,9","1,2,3,4,5","2,1,9,7,6"
118,83,9,2,2,"1,2,3","2,8,1","1,2,3,4,5","2,8,1,6,7"
118,83,10,0,2,"1,2,3","10,4,6","1,2,3,4,5","10,4,6,2,7"
118,83,11,0,1,"1,2,3","10,9,7","1,2,3,4,5","10,9,7,6,1"
118,83,12,2,3,"1,2,3","3,9,2","1,2,3,4,5","3,9,2,1,10"
119,43,1,0,2,"5,10,2","6,1,3","5,10,2,3,8","6,1,3,11,2"
119,43,2,1,3,"1,2,3","10,4,1","1,2,3,4,5","10,4,1,6,2"
119,43,3,1,2,"1,2,3","3,7,5","1,2,3,4,5","3,7,5,9,10"
119,43,4,0,1,"1,2,3","4,8,11","1,2,3,4,5","4,8,11,7,6"
119,43,5,1,2,"10,7,4","1,12,4","10,7,4,6,3","1,12,4,7,2"
119,43,6,1,2,"8,11,6","9,8,7","8,11,6,10,4","9,8,7,11,2"
119,43,7,0,1,"4,9,2","10,8,11","4,9,2,13,7","10,8,11,2,5"
119,43,8,2,3,"9,8,12","3,12,8","9,8,12,3,7","3,12,8,4,10"
119,43,9,1,3,"5,3,12","9,3,10","5,3,12,7,8","9,3,10,5,7"
119,43,10,1,3,"2,3,11","3,4,6","2,3,11,10,4","3,4,6,9,10"
119,43,11,1,2,"9,5,11","4,13,9","9,5,11,13,10","4,13,9,7,14"
119,43,12,0,1,"7,5,14","6,4,13","7,5,14,9,12","6,4,13,8,9"
119,48,1,0,1,"1,6,8","7,3,11","1,6,8,2,5","7,3,11,6,4"
119,48,2,1,2,"5,4,2","1,7,4","5,4,2,6,9","1,7,4,11,5"
119,48,3,0,1,"11,3,2","5,6,7","11,3,2,4,10","5,6,7,3,8"
119,48,4,1,2,"4,8,7","10,6,4","4,8,7,10,1","10,6,4,3,9"
119,48,5,1,2,"7,4,5","6,7,2","7,4,5,8,9","6,7,2,11,4"
119,48,6,0,2,"3,2,7","5,10,11","3,2,7,4,9","5,10,11,4,2"
119,48,7,1,1,"7,2,4","6,7,5","7,2,4,11,3","6,7,5,9,1"
119,48,8,1,3,"11,7,10","10,4,8","11,7,10,2,1","10,4,8,1,7"
119,48,9,1,1,"8,3,1","8,6,4","8,3,1,7,2","8,6,4,10,9"
119,48,10,2,4,"4,5,6","5,4,2","4,5,6,2,7","5,4,2,1,7"
119,48,11,0,2,"4,3,11","2,8,1","4,3,11,5,7","2,8,1,3,5"
119,48,12,2,5,"2,3,4","1,4,3","2,3,4,1,5","1,4,3,5,2"
119,83,1,2,4,"1,2,3","3,2,5","1,2,3,4,5","3,2,5,10,1"
119,83,2,1,2,"1,2,3","7,6,3","1,2,3,4,5","7,6,3,1,8"
119,83,3,2,3,"1,2,3","7,3,1","1,2,3,4,5","7,3,1,4,8"
119,83,4,0,2,"1,2,3","10,9,4","1,2,3,4,5","10,9,4,3,7"
119,83,5,2,3,"1,2,3","8,3,2","1,2,3,4,5","8,3,2,10,1"
119,83,6,0,1,"1,2,3","7,5,9","1,2,3,4,5","7,5,9,8,10"
119,83,7,1,1,"1,2,3","2,7,9","1,2,3,4,5","2,7,9,8,6"
119,83,8,1,2,"1,2,3","9,1,6","1,2,3,4,5","9,1,6,8,2"
119,83,9,1,2,"1,2,3","8,2,7","1,2,3,4,5","8,2,7,6,1"
119,83,10,2,4,"1,2,3","3,2,8","1,2,3,4,5","3,2,8,5,4"
119,83,11,1,4,"1,2,3","9,1,5","1,2,3,4,5","9,1,5,3,4"
119,83,12,0,2,"1,2,3","6,7,8","1,2,3,4,5","6,7,8,2,4"
120,43,1,1,3,"1,2,3","9,2,8","1,2,3,4,5","9,2,8,1,4"
120,43,2,1,2,"1,2,3","5,6,1","1,2,3,4,5","5,6,1,8,7"
120,43,3,0,1,"7,11,5","10,4,6","7,11,5,12,3","10,4,6,7,9"
120,43,4,2,3,"11,7,10","7,11,1","11,7,10,2,8","7,11,1,10,9"
120,43,5,1,2,"11,3,10","10,8,7","11,3,10,8,4","10,8,7,9,6"
120,43,6,1,2,"1,2,3","8,6,3","1,2,3,4,5","8,6,3,2,9"
120,43,7,0,2,"1,2,3","7,6,9","1,2,3,4,5","7,6,9,3,4"
120,43,8,2,2,"8,5,10","5,4,8","8,5,10,3,9","5,4,8,6,2"
120,43,9,0,1,"3,14,9","2,10,6","3,14,9,4,11","2,10,6,11,5"
120,43,10,2,2,"4,1,3","10,4,3","4,1,3,8,11","10,4,3,9,7"
120,43,11,0,3,"13,4,5","10,3,12","13,4,5,3,2","10,3,12,5,4"
120,43,12,1,1,"11,13,10","13,7,5","11,13,10,12,6","13,7,5,14,3"
120,47,1,0,2,"3,1,5","4,8,6","3,1,5,8,2","4,8,6,7,1"
120,47,2,0,2,"9,7,1","3,8,4","9,7,1,2,3","3,8,4,2,6"
120,47,3,0,2,"5,9,4","2,3,8","5,9,4,1,7","2,3,8,5,4"
120,47,4,1,2,"3,7,1","3,4,5","3,7,1,8,2","3,4,5,7,6"
120,47,5,0,3,"9,7,6","5,8,2","9,7,6,5,3","5,8,2,3,6"
120,47,6,2,2,"1,3,9","5,3,9","1,3,9,4,2","5,3,9,7,8"
120,47,7,1,3,"8,2,4","3,6,8","8,2,4,6,1","3,6,8,4,5"
120,47,8,2,3,"6,7,1","5,6,7","6,7,1,8,3","5,6,7,8,2"
120,47,9,1,1,"2,8,7","2,10,5","2,8,7,1,6","2,10,5,9,3"
120,47,10,1,1,"4,10,3","10,7,1","4,10,3,6,5","10,7,1,9,2"
120,51,1,1,4,"5,8,10","5,4,2","5,8,10,9,2","5,4,2,10,8"
120,51,2,2,3,"1,2,3","1,7,2","1,2,3,4,5","1,7,2,6,5"
120,51,3,1,1,"1,4,8","3,1,10","1,4,8,9,6","3,1,10,5,7"
120,51,4,0,2,"7,10,6","9,1,5","7,10,6,9,3","9,1,5,2,3"
120,51,5,0,1,"1,2,3","8,4,11","1,2,3,4,5","8,4,11,9,10"
120,51,6,0,2,"2,4,8","9,3,10","2,4,8,6,7","9,3,10,4,6"
120,51,7,0,2,"4,7,2","9,8,5","4,7,2,3,5","9,8,5,7,1"
120,51,8,2,3,"6,7,2","6,2,4","6,7,2,8,3","6,2,4,8,1"
120,51,9,0,2,"6,8,4","7,2,1","6,8,4,5,3","7,2,1,3,8"
120,51,10,1,2,"4,7,3","8,4,1","4,7,3,9,5","8,4,1,10,7"
120,51,11,1,2,"1,2,3","1,11,9","1,2,3,4,5","1,11,9,12,2"
120,51,12,2,2,"10,5,2","2,3,5","10,5,2,8,1","2,3,5,4,12"
120,54,1,0,2,"8,6,7","5,2,4","8,6,7,1,2","5,2,4,8,9"
120,54,2,1,2,"10,1,9","4,10,5","10,1,9,3,2","4,10,5,8,1"
120,54,3,0,1,"4,6,9","7,10,1","4,6,9,3,2","7,10,1,8,2"
120,54,4,0,2,"2,11,4","5,3,7","2,11,4,7,8","5,3,7,6,11"
120,54,5,0,3,"1,2,3","4,8,6","1,2,3,4,5","4,8,6,3,1"
120,54,6,2,5,"3,5,2","5,2,4","3,5,2,1,4","5,2,4,3,1"
120,54,7,2,5,"4,1,3","1,6,3","4,1,3,2,6","1,6,3,4,2"
120,54,8,2,3,"9,6,5","1,9,6","9,6,5,7,8","1,9,6,2,5"
120,54,9,0,2,"3,7,8","5,4,6","3,7,8,1,2","5,4,6,8,3"
120,54,10,1,2,"8,6,1","2,8,7","8,6,1,9,5","2,8,7,3,1"
120,54,11,0,2,"12,11,10","7,5,1","12,11,10,2,9","7,5,1,12,2"
121,43,1,0,3,"1,2,3","8,5,10","1,2,3,4,5","8,5,10,4,1"
121,43,2,0,1,"8,12,4","6,11,5","8,12,4,5,7","6,11,5,10,2"
121,43,3,0,2,"12,2,7","8,6,9","12,2,7,5,9","8,6,9,12,11"
121,43,4,2,3,"4,11,7","4,2,7","4,11,7,6,3","4,2,7,1,6"
121,43,5,1,1,"3,6,1","9,12,3","3,6,1,8,5","9,12,3,10,11"
121,43,6,1,2,"4,6,2","12,9,4","4,6,2,8,10","12,9,4,8,11"
121,43,7,2,2,"10,7,3","3,8,10","10,7,3,2,6","3,8,10,11,9"
121,43,8,0,1,"5,7,10","2,14,8","5,7,10,6,8","2,14,8,4,3"
121,43,9,1,1,"4,6,7","4,10,11","4,6,7,2,8","4,10,11,5,9"
121,43,10,0,2,"10,7,5","6,2,3","10,7,5,6,13","6,2,3,10,9"
121,43,11,0,0,"1,2,3","13,7,11","1,2,3,4,5","13,7,11,6,9"
121,43,12,1,2,"14,10,9","11,14,5","14,10,9,4,8","11,14,5,6,4"
121,47,1,2,3,"1,2,3","7,3,2","1,2,3,4,5","7,3,2,8,1"
121,47,2,0,2,"6,1,2","8,3,5","6,1,2,7,3","8,3,5,1,4"
121,47,3,2,2,"8,1,4","4,8,7","8,1,4,3,2","4,8,7,6,5"
121,47,4,1,1,"7,3,6","4,7,2","7,3,6,5,1","4,7,2,8,9"
121,47,5,1,4,"1,2,3","4,5,3","1,2,3,4,5","4,5,3,2,8"
121,47,6,0,1,"9,8,1","5,3,4","9,8,1,6,7","5,3,4,9,2"
121,47,7,1,3,"1,2,3","5,8,1","1,2,3,4,5","5,8,1,2,7"
121,47,8,0,2,"1,2,3","6,5,8","1,2,3,4,5","6,5,8,7,3"
121,47,9,0,2,"1,2,3","4,7,9","1,2,3,4,5","4,7,9,8,3"
121,47,10,1,3,"2,5,7","8,6,5","2,5,7,8,3","8,6,5,4,2"
121,51,1,0,3,"5,10,9","3,4,8","5,10,9,3,4","3,4,8,7,9"
121,51,2,2,4,"1,2,3","2,3,4","1,2,3,4,5","2,3,4,6,5"
121,51,3,2,5,"1,2,3","3,4,2","1,2,3,4,5","3,4,2,5,1"
121,51,4,0,3,"8,2,7","4,6,9","8,2,7,1,9","4,6,9,1,7"
121,51,5,0,3,"10,5,8","4,1,9","10,5,8,6,9","4,1,9,10,6"
121,51,6,0,2,"1,8,6","5,3,2","1,8,6,7,5","5,3,2,6,9"
121,51,7,1,3,"4,5,8","8,6,9","4,5,8,2,6","8,6,9,4,3"
121,51,8,1,2,"7,5,10","6,5,2","7,5,10,3,1","6,5,2,1,9"
121,51,9,0,1,"6,10,9","8,2,1","6,10,9,4,11","8,2,1,12,9"
121,51,10,0,2,"5,2,7","1,8,9","5,2,7,8,4","1,8,9,7,3"
121,51,11,1,2,"6,12,3","4,7,3","6,12,3,2,7","4,7,3,1,5"
121,51,12,1,3,"2,8,9","4,1,2","2,8,9,1,7","4,1,2,10,7"
121,54,1,0,1,"10,1,2","11,4,5","10,1,2,7,3","11,4,5,8,7"
121,54,2,2,3,"6,4,5","4,6,2","6,4,5,3,1","4,6,2,3,9"
121,54,3,1,2,"5,2,7","6,5,3","5,2,7,8,1","6,5,3,4,2"
121,54,4,0,1,"7,3,5","11,4,8","7,3,5,1,2","11,4,8,9,1"
121,54,5,0,3,"1,7,6","2,4,5","1,7,6,3,2","2,4,5,3,7"
121,54,6,1,4,"3,6,2","5,1,6","3,6,2,1,4","5,1,6,4,2"
121,54,7,1,4,"6,1,5","4,3,1","6,1,5,4,2","4,3,1,5,2"
121,54,8,1,1,"6,5,2","2,3,7","6,5,2,4,8","2,3,7,9,1"
121,54,9,2,4,"12,5,4","12,4,3","12,5,4,6,3","12,4,3,2,6"
122,43,1,0,2,"1,2,3","12,8,7","1,2,3,4,5","12,8,7,3,1"
122,43,2,1,2,"3,5,4","6,3,11","3,5,4,1,8","6,3,11,9,1"
122,43,3,1,2,"1,2,3","6,1,7","1,2,3,4,5","6,1,7,11,3"
122,43,4,0,2,"9,7,1","8,12,11","9,7,1,6,11","8,12,11,6,3"
122,43,5,1,3,"4,12,5","10,12,8","4,12,5,11,3","10,12,8,11,4"
122,43,6,0,2,"7,6,10","12,3,14","7,6,10,13,1","12,3,14,7,6"
122,43,7,2,3,"1,2,3","5,3,1","1,2,3,4,5","5,3,1,13,12"
122,43,8,0,0,"9,11,6","10,8,4","9,11,6,1,7","10,8,4,3,2"
122,43,9,2,3,"3,6,8","6,7,8","3,6,8,2,5","6,7,8,3,4"
122,43,10,2,2,"10,4,14","10,14,6","10,4,14,5,11","10,14,6,2,13"
122,43,11,0,2,"8,3,4","7,6,9","8,3,4,5,1","7,6,9,8,1"
122,43,12,0,2,"7,6,2","12,11,3","7,6,2,5,9","12,11,3,7,2"
122,47,1,0,2,"10,4,1","9,5,8","10,4,1,2,3","9,5,8,4,2"
122,47,2,0,2,"4,3,8","10,6,9","4,3,8,2,9","10,6,9,5,4"
122,47,3,2,4,"8,5,7","8,3,5","8,5,7,2,9","8,3,5,2,7"
122,47,4,1,3,"6,1,2","1,4,9","6,1,2,3,4","1,4,9,3,8"
122,47,5,1,4,"7,4,1","7,2,5","7,4,1,8,2","7,2,5,1,4"
122,47,6,1,3,"5,7,1","3,8,7","5,7,1,4,6","3,8,7,1,6"
122,47,7,0,2,"9,4,1","8,3,6","9,4,1,7,2","8,3,6,4,2"
122,47,8,1,3,"6,1,9","3,10,6","6,1,9,7,10","3,10,6,7,5"
122,47,9,2,5,"5,6,8","5,1,8","5,6,8,1,4","5,1,8,4,6"
122,47,10,1,2,"9,3,11","11,8,7","9,3,11,1,6","11,8,7,5,3"
122,47,11,0,3,"1,8,9","7,4,5","1,8,9,5,4","7,4,5,8,6"
122,51,1,1,3,"5,1,2","8,10,2","5,1,2,7,8","8,10,2,1,3"
122,51,2,1,3,"3,8,2","10,2,6","3,8,2,6,7","10,2,6,3,1"
122,51,3,1,3,"8,10,12","9,8,6","8,10,12,1,7","9,8,6,10,12"
122,51,4,1,2,"6,7,4","9,2,6","6,7,4,5,1","9,2,6,5,3"
122,51,5,1,3,"7,11,1","6,7,3","7,11,1,9,12","6,7,3,9,11"
122,51,6,1,1,"3,9,1","10,7,9","3,9,1,5,2","10,7,9,6,8"
122,51,7,1,5,"4,5,3","4,1,2","4,5,3,1,2","4,1,2,5,3"
122,51,8,0,2,"9,4,5","8,7,2","9,4,5,1,6","8,7,2,5,6"
122,51,9,1,2,"10,5,3","3,2,7","10,5,3,4,6","3,2,7,6,1"
122,51,10,1,4,"1,2,3","2,6,5","1,2,3,4,5","2,6,5,4,1"
122,51,11,0,2,"1,2,3","4,9,8","1,2,3,4,5","4,9,8,5,12"
122,51,12,1,1,"6,11,5","4,6,3","6,11,5,8,10","4,6,3,9,2"
123,43,1,2,4,"1,2,3","3,2,4","1,2,3,4,5","3,2,4,5,6"
123,43,2,2,3,"1,2,3","1,7,2","1,2,3,4,5","1,7,2,5,6"
123,43,3,1,1,"12,6,4","13,3,12","12,6,4,11,1","13,3,12,10,8"
123,43,4,0,2,"1,2,3","6,4,11","1,2,3,4,5","6,4,11,5,9"
123,43,5,2,2,"12,2,1","7,1,2","12,2,1,5,10","7,1,2,6,8"
123,43,6,1,3,"12,10,9","5,12,11","12,10,9,8,5","5,12,11,3,8"
123,43,7,1,2,"1,8,12","1,2,11","1,8,12,6,2","1,2,11,9,4"
123,43,8,1,2,"7,2,6","12,7,8","7,2,6,10,1","12,7,8,3,1"
123,43,9,0,1,"10,2,3","13,12,8","10,2,3,1,4","13,12,8,3,11"
123,43,10,2,2,"9,2,11","9,11,8","9,2,11,5,6","9,11,8,3,10"
123,43,11,1,2,"3,8,1","3,10,9","3,8,1,6,11","3,10,9,8,7"
123,43,12,0,1,"13,3,8","7,9,11","13,3,8,4,11","7,9,11,12,2"
123,47,1,0,1,"1,2,3","10,8,7","1,2,3,4,5","10,8,7,3,6"
123,47,2,1,3,"5,2,4","8,4,1","5,2,4,1,6","8,4,1,6,3"
123,47,3,1,3,"6,5,3","7,6,4","6,5,3,2,1","7,6,4,5,3"
123,47,4,1,2,"1,5,2","8,1,6","1,5,2,7,8","8,1,6,4,3"
123,47,5,2,4,"6,8,4","6,4,1","6,8,4,5,7","6,4,1,7,8"
123,47,6,1,4,"1,6,2","5,7,1","1,6,2,7,5","5,7,1,8,6"
123,47,7,1,3,"5,8,7","4,5,3","5,8,7,1,2","4,5,3,8,7"
123,47,8,1,3,"3,2,1","5,8,3","3,2,1,4,5","5,8,3,2,7"
123,47,9,2,2,"3,6,8","2,6,8","3,6,8,5,9","2,6,8,1,7"
123,47,10,1,3,"7,1,2","3,5,1","7,1,2,6,3","3,5,1,8,2"
123,47,11,0,0,"4,6,7","10,2,9","4,6,7,8,5","10,2,9,3,1"
123,47,12,2,3,"3,2,6","2,5,6","3,2,6,5,7","2,5,6,8,1"
124,55,1,1,2,"1,2,3","2,6,9","1,2,3,4,5","2,6,9,4,7"
124,55,2,0,2,"1,2,3","4,6,9","1,2,3,4,5","4,6,9,11,3"
124,55,3,1,1,"3,10,7","8,10,2","3,10,7,1,5","8,10,2,9,11"
124,55,4,0,1,"5,3,11","8,12,2","5,3,11,12,1","8,12,2,7,6"
124,55,5,0,1,"2,7,8","4,3,9","2,7,8,10,5","4,3,9,8,6"
124,55,6,1,3,"1,3,8","9,1,7","1,3,8,10,2","9,1,7,2,8"
124,55,7,0,1,"11,5,8","7,4,10","11,5,8,7,2","7,4,10,3,1"
124,55,8,0,2,"1,8,6","5,9,7","1,8,6,11,3","5,9,7,1,8"
124,55,9,1,1,"10,5,1","12,7,1","10,5,1,9,4","12,7,1,11,3"
124,55,10,2,3,"4,9,7","9,7,3","4,9,7,1,2","9,7,3,8,1"
124,55,11,1,2,"11,4,7","10,5,4","11,4,7,3,6","10,5,4,1,3"
124,55,12,0,2,"3,4,5","10,7,2","3,4,5,1,9","10,7,2,4,5"
124,83,1,1,3,"1,2,3","10,2,9","1,2,3,4,5","10,2,9,3,1"
124,83,2,0,3,"1,2,3","8,7,4","1,2,3,4,5","8,7,4,1,3"
124,83,3,2,2,"1,2,3","1,8,2","1,2,3,4,5","1,8,2,6,7"
124,83,4,0,3,"1,2,3","7,8,4","1,2,3,4,5","7,8,4,5,2"
124,83,5,1,4,"1,2,3","2,9,5","1,2,3,4,5","2,9,5,3,1"
124,83,6,0,2,"1,2,3","7,4,8","1,2,3,4,5","7,4,8,9,3"
124,83,7,1,3,"1,2,3","9,8,1","1,2,3,4,5","9,8,1,3,2"
124,83,8,0,3,"1,2,3","9,7,5","1,2,3,4,5","9,7,5,1,4"
124,83,9,0,2,"1,2,3","9,7,8","1,2,3,4,5","9,7,8,5,1"
124,83,10,0,2,"1,2,3","9,8,4","1,2,3,4,5","9,8,4,1,6"
124,83,11,1,1,"1,2,3","1,9,8","1,2,3,4,5","1,9,8,6,7"
124,83,12,0,2,"1,2,3","8,7,5","1,2,3,4,5","8,7,5,9,3"
125,54,1,1,3,"1,2,3","4,2,7","1,2,3,4,5","4,2,7,8,5"
125,54,2,2,4,"1,2,3","1,6,3","1,2,3,4,5","1,6,3,4,5"
125,54,3,1,3,"1,2,3","4,5,2","1,2,3,4,5","4,5,2,7,6"
125,54,4,3,3,"5,8,9","8,9,5","5,8,9,4,2","8,9,5,3,6"
125,54,5,1,3,"9,1,4","9,6,7","9,1,4,2,3","9,6,7,2,1"
125,54,6,0,1,"1,2,3","9,5,10","1,2,3,4,5","9,5,10,8,7"
125,54,7,0,2,"5,6,1","8,7,2","5,6,1,4,9","8,7,2,1,5"
125,54,8,0,4,"11,7,3","9,8,10","11,7,3,9,10","9,8,10,11,7"
125,54,9,2,4,"1,6,5","5,2,6","1,6,5,3,4","5,2,6,1,3"
125,54,10,2,3,"3,7,8","7,3,1","3,7,8,6,2","7,3,1,8,5"
125,54,11,1,1,"6,2,11","8,11,5","6,2,11,9,10","8,11,5,3,4"
125,55,1,1,1,"3,10,6","6,9,4","3,10,6,11,5","6,9,4,2,1"
125,55,2,0,2,"7,9,4","12,8,2","7,9,4,1,12","12,8,2,1,11"
125,55,3,1,2,"1,3,9","5,8,9","1,3,9,11,5","5,8,9,2,10"
125,55,4,1,2,"7,2,8","6,1,2","7,2,8,4,3","6,1,2,8,9"
125,55,5,1,3,"6,8,3","2,1,6","6,8,3,4,7","2,1,6,8,7"
125,55,6,1,2,"5,12,2","7,10,2","5,12,2,8,9","7,10,2,5,11"
125,55,7,0,3,"1,2,3","10,8,5","1,2,3,4,5","10,8,5,2,1"
125,55,8,0,3,"2,10,5","1,7,8","2,10,5,7,9","1,7,8,9,10"
125,55,9,1,3,"7,11,8","10,1,8","7,11,8,1,9","10,1,8,11,6"
125,55,10,1,3,"1,2,3","6,2,4","1,2,3,4,5","6,2,4,7,1"
125,55,11,0,2,"10,7,9","5,1,6","10,7,9,1,2","5,1,6,8,9"
125,55,12,1,2,"6,2,7","6,4,8","6,2,7,1,11","6,4,8,10,11"
125,83,1,1,3,"1,2,3","7,10,1","1,2,3,4,5","7,10,1,2,4"
125,83,2,0,3,"1,2,3","7,6,5","1,2,3,4,5","7,6,5,1,4"
125,83,3,0,2,"1,2,3","5,4,8","1,2,3,4,5","5,4,8,6,9"
125,83,4,0,3,"1,2,3","9,5,6","1,2,3,4,5","9,5,6,1,3"
125,83,5,1,3,"1,2,3","5,1,9","1,2,3,4,5","5,1,9,2,8"
125,83,6,1,3,"1,2,3","8,1,4","1,2,3,4,5","8,1,4,3,6"
125,83,7,0,2,"1,2,3","7,5,4","1,2,3,4,5","7,5,4,8,10"
125,83,8,0,2,"1,2,3","8,6,10","1,2,3,4,5","8,6,10,1,5"
125,83,9,0,3,"1,2,3","4,7,5","1,2,3,4,5","4,7,5,6,1"
125,83,10,1,3,"1,2,3","3,5,8","1,2,3,4,5","3,5,8,7,1"
125,83,11,1,3,"1,2,3","2,7,4","1,2,3,4,5","2,7,4,3,9"
125,83,12,2,3,"1,2,3","3,1,7","1,2,3,4,5","3,1,7,8,4"
126,44,1,2,4,"10,8,11","8,1,10","10,8,11,9,7","8,1,10,11,7"
126,44,2,1,3,"2,14,10","4,11,2","2,14,10,12,13","4,11,2,10,14"
126,44,3,1,3,"1,2,3","2,9,6","1,2,3,4,5","2,9,6,5,1"
126,44,4,0,0,"1,2,3","11,9,13","1,2,3,4,5","11,9,13,10,6"
126,44,5,0,2,"1,2,3","8,5,11","1,2,3,4,5","8,5,11,1,10"
126,44,6,0,1,"12,1,6","9,3,11","12,1,6,8,2","9,3,11,8,5"
126,44,7,0,1,"9,10,11","8,7,4","9,10,11,14,2","8,7,4,1,10"
126,44,8,2,2,"11,5,3","7,11,5","11,5,3,13,10","7,11,5,6,1"
126,44,9,0,2,"6,8,4","2,10,11","6,8,4,1,7","2,10,11,4,8"
126,44,10,2,3,"9,12,7","12,1,9","9,12,7,2,1","12,1,9,6,3"
126,44,11,3,4,"2,7,5","2,5,7","2,7,5,9,6","2,5,7,9,1"
126,44,12,1,2,"11,10,12","5,7,11","11,10,12,14,3","5,7,11,15,3"
126,48,1,0,2,"1,2,3","10,7,4","1,2,3,4,5","10,7,4,2,9"
126,48,2,1,2,"1,2,3","9,4,2","1,2,3,4,5","9,4,2,7,8"
126,48,3,2,2,"2,9,4","10,9,2","2,9,4,1,3","10,9,2,11,8"
126,48,4,0,2,"3,5,2","12,10,11","3,5,2,11,8","12,10,11,1,3"
126,48,5,2,2,"1,2,3","3,2,7","1,2,3,4,5","3,2,7,10,9"
126,48,6,1,2,"7,10,2","5,12,2","7,10,2,11,1","5,12,2,10,9"
126,48,7,1,1,"7,4,9","4,3,11","7,4,9,8,1","4,3,11,5,10"
126,48,8,1,3,"3,12,1","2,3,10","3,12,1,2,4","2,3,10,5,4"
126,48,9,1,3,"10,6,1","2,7,1","10,6,1,2,3","2,7,1,10,5"
126,48,10,0,1,"7,9,6","8,3,11","7,9,6,5,10","8,3,11,2,9"
126,48,11,0,1,"10,7,9","3,5,4","10,7,9,2,1","3,5,4,8,9"
126,48,12,1,2,"6,1,3","10,5,1","6,1,3,8,9","10,5,1,4,9"
126,54,1,0,2,"7,5,2","9,4,8","7,5,2,3,1","9,4,8,3,1"
126,54,2,0,2,"5,6,4","3,7,8","5,6,4,2,7","3,7,8,1,5"
126,54,3,1,3,"8,7,10","8,9,4","8,7,10,3,6","8,9,4,3,6"
126,54,4,1,3,"7,1,4","8,3,1","7,1,4,2,3","8,3,1,9,2"
126,54,5,0,1,"5,7,10","8,3,1","5,7,10,9,6","8,3,1,4,9"
126,54,6,1,3,"3,7,6","3,2,4","3,7,6,2,1","3,2,4,6,8"
126,54,7,0,1,"4,3,9","6,2,7","4,3,9,6,5","6,2,7,8,1"
126,54,8,1,2,"9,5,6","11,4,5","9,5,6,8,1","11,4,5,10,9"
126,54,9,2,4,"6,8,4","8,6,3","6,8,4,2,7","8,6,3,4,2"
126,54,10,0,2,"8,2,6","9,1,10","8,2,6,5,3","9,1,10,2,8"
126,54,11,1,1,"10,3,7","7,6,4","10,3,7,5,9","7,6,4,2,8"
126,83,1,1,3,"1,2,3","6,7,1","1,2,3,4,5","6,7,1,3,2"
126,83,2,0,3,"1,2,3","7,5,6","1,2,3,4,5","7,5,6,1,3"
126,83,3,0,2,"1,2,3","5,9,4","1,2,3,4,5","5,9,4,8,6"
126,83,4,1,3,"1,2,3","4,1,5","1,2,3,4,5","4,1,5,6,9"
126,83,5,1,3,"1,2,3","4,3,7","1,2,3,4,5","4,3,7,9,1"
126,83,6,1,3,"1,2,3","7,5,3","1,2,3,4,5","7,5,3,8,1"
126,83,7,2,2,"1,2,3","10,1,2","1,2,3,4,5","10,1,2,9,8"
126,83,8,2,5,"1,2,3","5,2,1","1,2,3,4,5","5,2,1,3,4"
126,83,9,0,3,"1,2,3","4,8,7","1,2,3,4,5","4,8,7,1,5"
126,83,10,1,2,"1,2,3","7,6,3","1,2,3,4,5","7,6,3,8,5"
126,83,11,2,3,"1,2,3","2,3,4","1,2,3,4,5","2,3,4,9,8"
126,83,12,0,2,"1,2,3","7,9,4","1,2,3,4,5","7,9,4,3,6"
127,44,1,1,2,"10,2,8","10,4,1","10,2,8,6,11","10,4,1,7,2"
127,44,2,1,2,"14,4,7","2,8,14","14,4,7,1,5","2,8,14,4,3"
127,44,3,0,2,"1,2,3","5,4,8","1,2,3,4,5","5,4,8,10,11"
127,44,4,2,3,"1,2,3","3,11,1","1,2,3,4,5","3,11,1,5,9"
127,44,5,1,3,"1,2,3","5,1,8","1,2,3,4,5","5,1,8,4,12"
127,44,6,1,1,"1,2,3","3,6,10","1,2,3,4,5","3,6,10,9,12"
127,44,7,1,2,"6,12,3","6,9,4","6,12,3,8,1","6,9,4,1,10"
127,44,8,0,2,"5,13,3","6,8,2","5,13,3,11,1","6,8,2,13,3"
127,44,9,0,0,"3,8,14","6,2,12","3,8,14,11,9","6,2,12,4,13"
127,44,10,1,2,"4,1,12","2,4,5","4,1,12,2,3","2,4,5,16,13"
127,44,11,1,1,"11,6,3","8,11,1","11,6,3,2,7","8,11,1,12,9"
127,44,12,1,2,"13,8,10","4,5,13","13,8,10,11,12","4,5,13,8,3"
127,48,1,2,4,"1,2,3","6,2,3","1,2,3,4,5","6,2,3,5,1"
127,48,2,1,1,"1,2,3","10,11,2","1,2,3,4,5","10,11,2,7,6"
127,48,3,1,3,"1,2,3","4,6,3","1,2,3,4,5","4,6,3,1,7"
127,48,4,0,0,"12,1,6","2,9,3","12,1,6,10,4","2,9,3,8,5"
127,48,5,0,2,"5,8,11","4,3,10","5,8,11,1,3","4,3,10,2,8"
127,48,6,0,1,"9,8,12","11,1,6","9,8,12,4,3","11,1,6,10,12"
127,48,7,1,1,"11,1,4","11,3,2","11,1,4,9,8","11,3,2,5,12"
127,48,8,1,1,"8,12,1","9,11,8","8,12,1,6,4","9,11,8,2,5"
127,48,9,2,3,"5,1,4","6,4,1","5,1,4,12,10","6,4,1,3,5"
127,48,10,0,2,"3,1,10","2,9,11","3,1,10,8,4","2,9,11,3,8"
127,48,11,1,2,"12,4,10","12,8,9","12,4,10,7,2","12,8,9,5,4"
127,48,12,0,3,"2,9,5","6,3,8","2,9,5,1,3","6,3,8,1,5"
127,51,1,2,2,"5,6,2","5,2,7","5,6,2,1,4","5,2,7,10,9"
127,51,2,1,3,"3,7,5","3,2,1","3,7,5,8,4","3,2,1,5,8"
127,51,3,1,3,"8,3,2","8,6,5","8,3,2,10,1","8,6,5,3,2"
127,51,4,0,2,"4,5,8","2,10,6","4,5,8,6,7","2,10,6,9,5"
127,51,5,1,2,"1,2,3","2,7,9","1,2,3,4,5","2,7,9,5,12"
127,51,6,1,2,"2,9,3","9,1,4","2,9,3,5,8","9,1,4,6,5"
127,51,7,1,2,"9,4,3","3,8,7","9,4,3,1,2","3,8,7,6,4"
127,51,8,2,4,"7,1,2","1,2,8","7,1,2,3,8","1,2,8,10,7"
127,51,9,1,3,"1,2,3","6,5,2","1,2,3,4,5","6,5,2,7,1"
127,51,10,2,4,"7,8,3","8,9,3","7,8,3,6,9","8,9,3,1,6"
127,51,11,1,2,"2,6,3","8,9,6","2,6,3,5,9","8,9,6,1,7"
127,51,12,1,2,"3,5,12","5,11,6","3,5,12,7,8","5,11,6,3,4"
127,54,1,1,2,"8,6,1","5,4,1","8,6,1,2,3","5,4,1,2,7"
127,54,2,0,1,"1,2,3","9,7,6","1,2,3,4,5","9,7,6,4,10"
127,54,3,1,2,"6,5,8","2,6,3","6,5,8,7,4","2,6,3,9,8"
127,54,4,0,3,"2,9,1","4,6,5","2,9,1,5,3","4,6,5,3,1"
127,54,5,0,2,"9,3,6","4,5,7","9,3,6,1,8","4,5,7,9,3"
127,54,6,0,2,"4,6,7","3,2,5","4,6,7,8,1","3,2,5,6,8"
127,54,7,0,1,"7,8,6","10,4,2","7,8,6,11,5","10,4,2,3,7"
127,54,8,2,3,"8,2,6","8,9,6","8,2,6,1,7","8,9,6,7,4"
127,54,9,1,2,"5,6,4","1,5,8","5,6,4,9,3","1,5,8,2,3"
127,54,10,1,2,"3,11,2","6,2,8","3,11,2,10,1","6,2,8,11,9"
128,44,1,0,2,"10,9,1","8,7,11","10,9,1,8,5","8,7,11,3,10"
128,44,2,0,2,"10,7,9","8,3,1","10,7,9,4,6","8,3,1,6,7"
128,44,3,0,1,"1,2,3","4,10,11","1,2,3,4,5","4,10,11,12,9"
128,44,4,1,1,"1,2,3","7,1,9","1,2,3,4,5","7,1,9,8,10"
128,44,5,1,2,"1,3,10","4,9,3","1,3,10,8,7","4,9,3,7,2"
128,44,6,0,1,"8,12,10","7,1,3","8,12,10,4,11","7,1,3,9,10"
128,44,7,1,3,"3,12,9","11,6,12","3,12,9,6,10","11,6,12,5,3"
128,44,8,0,2,"13,1,11","14,3,8","13,1,11,5,6","14,3,8,5,1"
128,44,9,2,4,"5,6,3","6,3,2","5,6,3,2,8","6,3,2,5,7"
128,44,10,2,3,"3,12,2","3,7,12","3,12,2,4,9","3,7,12,9,6"
128,44,11,1,1,"2,9,10","5,6,9","2,9,10,12,15","5,6,9,1,8"
128,44,12,1,3,"11,4,5","11,7,3","11,4,5,10,9","11,7,3,4,5"
128,48,1,1,1,"6,7,10","6,3,8","6,7,10,2,12","6,3,8,4,5"
128,48,2,0,1,"8,11,7","9,4,5","8,11,7,1,2","9,4,5,2,6"
128,48,3,1,2,"11,5,10","4,11,12","11,5,10,1,2","4,11,12,1,6"
128,48,4,1,3,"4,11,12","9,5,4","4,11,12,7,6","9,5,4,11,7"
128,48,5,1,3,"3,6,7","8,11,6","3,6,7,2,1","8,11,6,2,3"
128,48,6,0,0,"1,4,3","9,6,8","1,4,3,2,7","9,6,8,12,5"
128,48,7,0,1,"3,4,9","10,1,12","3,4,9,7,1","10,1,12,5,8"
128,48,8,1,3,"1,2,3","7,6,2","1,2,3,4,5","7,6,2,3,4"
128,48,9,2,3,"3,6,9","3,5,9","3,6,9,7,5","3,5,9,4,2"
128,48,10,2,3,"4,6,7","10,7,4","4,6,7,8,3","10,7,4,1,6"
128,48,11,1,4,"1,2,3","4,1,12","1,2,3,4,5","4,1,12,3,5"
128,48,12,1,2,"11,5,3","7,8,11","11,5,3,4,10","7,8,11,3,1"
128,51,1,1,3,"10,1,9","5,10,8","10,1,9,5,6","5,10,8,9,4"
128,51,2,1,3,"9,10,6","1,8,9","9,10,6,2,7","1,8,9,6,2"
128,51,3,1,3,"10,3,7","7,5,4","10,3,7,1,6","7,5,4,6,1"
128,51,4,0,1,"1,2,3","4,10,8","1,2,3,4,5","4,10,8,12,11"
128,51,5,1,3,"4,10,1","2,1,7","4,10,1,2,9","2,1,7,10,5"
128,51,6,0,3,"10,7,3","5,9,6","10,7,3,9,5","5,9,6,10,2"
128,51,7,1,3,"4,8,9","3,8,1","4,8,9,1,7","3,8,1,6,9"
128,51,8,2,3,"7,2,4","2,7,6","7,2,4,5,3","2,7,6,10,3"
128,51,9,2,4,"5,4,1","7,5,4","5,4,1,8,6","7,5,4,6,1"
128,51,10,2,3,"1,5,4","6,4,5","1,5,4,6,8","6,4,5,9,7"
128,51,11,2,3,"6,4,7","6,8,4","6,4,7,3,1","6,8,4,5,3"
128,51,12,1,2,"6,4,11","6,8,12","6,4,11,2,3","6,8,12,9,2"
129,44,1,1,3,"7,8,1","7,12,2","7,8,1,12,6","7,12,2,6,4"
129,44,2,0,2,"9,14,7","4,1,8","9,14,7,1,10","4,1,8,7,3"
129,44,3,2,4,"10,12,5","6,5,10","10,12,5,3,2","6,5,10,2,12"
129,44,4,2,3,"1,2,3","7,2,1","1,2,3,4,5","7,2,1,8,5"
129,44,5,1,3,"1,2,3","7,1,5","1,2,3,4,5","7,1,5,6,4"
129,44,6,0,3,"3,6,2","5,1,4","3,6,2,7,1","5,1,4,2,6"
129,44,7,0,0,"9,7,11","6,12,3","9,7,11,5,10","6,12,3,4,13"
129,44,8,2,4,"2,3,8","7,3,8","2,3,8,1,4","7,3,8,1,2"
129,44,9,0,2,"5,2,8","1,6,4","5,2,8,7,1","1,6,4,3,8"
129,44,10,1,3,"5,7,1","7,10,4","5,7,1,10,9","7,10,4,13,5"
129,44,11,1,3,"1,2,3","1,8,10","1,2,3,4,5","1,8,10,3,5"
129,44,12,0,2,"1,7,6","5,11,2","1,7,6,2,14","5,11,2,6,3"
129,48,1,1,2,"11,5,10","11,4,3","11,5,10,8,12","11,4,3,2,5"
129,48,2,0,1,"9,1,2","12,11,6","9,1,2,10,5","12,11,6,8,2"
129,48,3,0,0,"3,12,6","9,2,1","3,12,6,11,7","9,2,1,10,8"
129,48,4,0,0,"8,9,4","2,1,3","8,9,4,6,11","2,1,3,7,12"
129,48,5,0,1,"12,4,2","6,1,7","12,4,2,5,8","6,1,7,12,3"
129,48,6,0,1,"1,4,9","12,3,7","1,4,9,11,6","12,3,7,1,8"
129,48,7,1,3,"1,2,3","11,6,1","1,2,3,4,5","11,6,1,3,4"
129,48,8,0,0,"8,2,10","5,7,4","8,2,10,3,1","5,7,4,12,11"
129,48,9,1,2,"11,3,4","8,6,4","11,3,4,1,10","8,6,4,10,7"
129,48,10,0,2,"1,2,3","7,5,9","1,2,3,4,5","7,5,9,1,8"
129,48,11,1,2,"8,7,10","8,6,12","8,7,10,11,5","8,6,12,1,10"
129,48,12,2,3,"2,6,4","5,4,2","2,6,4,7,3","5,4,2,1,3"
129,51,1,2,4,"1,5,3","5,2,1","1,5,3,9,2","5,2,1,3,4"
129,51,2,2,5,"1,2,3","1,2,4","1,2,3,4,5","1,2,4,3,5"
129,51,3,1,3,"7,6,5","6,2,3","7,6,5,1,2","6,2,3,5,10"
129,51,4,1,2,"8,6,1","2,8,9","8,6,1,2,3","2,8,9,5,4"
129,51,5,1,3,"1,6,9","1,10,8","1,6,9,7,8","1,10,8,7,3"
129,51,6,1,3,"7,9,3","4,6,9","7,9,3,10,2","4,6,9,7,3"
129,51,7,1,3,"10,9,7","4,7,1","10,9,7,8,2","4,7,1,2,10"
129,51,8,0,2,"1,5,6","9,7,8","1,5,6,4,2","9,7,8,4,1"
129,51,9,1,1,"9,4,2","8,7,2","9,4,2,5,3","8,7,2,1,6"
129,51,10,1,3,"1,2,3","2,4,7","1,2,3,4,5","2,4,7,10,3"
129,51,11,1,2,"12,5,2","5,9,10","12,5,2,3,7","5,9,10,11,7"
129,51,12,2,2,"11,4,7","4,7,8","11,4,7,10,2","4,7,8,5,9"
129,55,1,0,2,"1,2,3","8,9,4","1,2,3,4,5","8,9,4,3,10"
129,55,2,1,3,"1,2,3","5,1,4","1,2,3,4,5","5,1,4,10,9"
129,55,3,1,2,"5,1,6","5,7,2","5,1,6,3,9","5,7,2,1,8"
129,55,4,2,3,"1,2,3","7,3,1","1,2,3,4,5","7,3,1,4,9"
129,55,5,1,4,"1,2,3","5,2,8","1,2,3,4,5","5,2,8,4,3"
129,55,6,1,1,"8,6,7","6,12,9","8,6,7,10,1","6,12,9,3,11"
129,55,7,1,2,"2,4,10","5,4,8","2,4,10,6,3","5,4,8,11,10"
129,55,8,1,1,"9,6,12","3,11,6","9,6,12,1,2","3,11,6,5,4"
129,55,9,1,3,"10,2,7","2,1,4","10,2,7,8,3","2,1,4,3,10"
129,55,10,1,3,"4,7,1","7,3,2","4,7,1,5,2","7,3,2,1,8"
129,55,11,0,3,"2,6,9","3,1,5","2,6,9,8,1","3,1,5,2,8"
129,55,12,1,2,"1,9,2","7,10,1","1,9,2,10,3","7,10,1,11,6"
130,44,1,1,2,"7,5,11","8,1,5","7,5,11,10,9","8,1,5,9,4"
130,44,2,0,1,"1,2,3","6,7,9","1,2,3,4,5","6,7,9,1,8"
130,44,3,1,4,"1,2,3","4,5,2","1,2,3,4,5","4,5,2,3,8"
130,44,4,2,2,"1,2,3","9,2,1","1,2,3,4,5","9,2,1,6,8"
130,44,5,1,1,"4,7,11","5,13,7","4,7,11,12,3","5,13,7,6,1"
130,44,6,0,2,"14,7,8","3,10,13","14,7,8,13,9","3,10,13,5,7"
130,44,7,0,3,"7,2,3","10,5,4","7,2,3,4,5","10,5,4,3,6"
130,44,8,0,1,"5,2,9","7,12,11","5,2,9,8,11","7,12,11,4,3"
130,44,9,2,3,"3,5,11","11,10,3","3,5,11,7,6","11,10,3,5,4"
130,44,10,1,2,"10,8,6","11,6,12","10,8,6,16,5","11,6,12,10,7"
130,44,11,1,3,"2,12,7","12,8,10","2,12,7,6,10","12,8,10,7,9"
130,44,12,0,2,"13,11,7","4,1,8","13,11,7,5,2","4,1,8,2,5"
130,48,1,0,1,"4,8,6","9,7,12","4,8,6,1,2","9,7,12,10,6"
130,48,2,1,2,"1,6,11","5,10,1","1,6,11,2,4","5,10,1,11,8"
130,48,3,0,0,"10,4,11","7,6,2","10,4,11,5,1","7,6,2,8,3"
130,48,4,1,2,"3,6,5","1,3,10","3,6,5,8,4","1,3,10,5,7"
130,48,5,2,4,"5,8,3","3,5,4","5,8,3,4,6","3,5,4,2,6"
130,48,6,1,2,"5,6,11","3,8,5","5,6,11,10,2","3,8,5,2,7"
130,48,7,1,3,"12,6,9","3,8,6","12,6,9,10,7","3,8,6,10,9"
130,48,8,1,3,"3,8,6","6,1,4","3,8,6,2,1","6,1,4,2,7"
130,48,9,0,2,"4,3,10","1,9,7","4,3,10,5,9","1,9,7,2,3"
130,48,10,0,1,"4,7,11","6,12,3","4,7,11,9,10","6,12,3,8,10"
130,48,11,1,3,"11,7,6","11,8,12","11,7,6,10,12","11,8,12,6,2"
130,48,12,0,1,"4,6,7","1,5,2","4,6,7,12,9","1,5,2,10,7"
