date,race_id,pred_top3,pred_top5,actual_top3,actual_top5,pred_pwin_top5
20250101,2025_0101_45_01,6|12|1,6|12|1|2|5,2,2|1,0.114510|0.114510|0.085883|0.085883|0.085883
20250101,2025_0101_45_02,13|7|2,13|7|2|9|12,2|7,2|7,0.225265|0.140791|0.112632|0.062574|0.062142
20250101,2025_0101_45_03,12|11|2,12|11|2|7|4,11|7,11|7,0.253087|0.108466|0.075926|0.068139|0.066023
20250101,2025_0101_45_04,9|7|12,9|7|12|5|14,9|7,9|7|12,0.152101|0.118301|0.096792|0.081121|0.078867
20250101,2025_0101_45_05,4|11|12,4|11|12|2|3,4|2,4|2|3,0.205527|0.102763|0.091345|0.084079|0.077073
20250101,2025_0101_45_06,2|3|1,2|3|1|12|9,2|3|1,2|3|1,0.218664|0.218664|0.099393|0.072888|0.065599
20250101,2025_0101_45_07,14|10|11,14|10|11|9|7,10|7|14,10|7|14|11,0.179114|0.159212|0.146965|0.085292|0.059705
20250101,2025_0101_45_08,2|7|10,2|7|10|4|8,7,7|2,0.234275|0.133872|0.100404|0.089248|0.081095
20250101,2025_0101_45_09,4|8|11,4|8|11|1|9,8|4,8|4|1,0.123326|0.118999|0.113049|0.107666|0.102384
20250101,2025_0101_45_10,2|1|9,2|1|9|3|11,9|11,9|11,0.280563|0.080161|0.075536|0.071772|0.066801
20250101,2025_0101_45_11,9|11|1,9|11|1|7|10,9|1,9|1|11,0.203298|0.203298|0.101649|0.072606|0.067766
20250101,2025_0101_45_12,3|10|11,3|10|11|13|2,3|10,3|10|11,0.127889|0.092095|0.088628|0.086782|0.080106
20250101,2025_0101_48_01,7|5|6,7|5|6|9|2,5|7,5|7|9|6,0.109961|0.099388|0.099388|0.092289|0.091951
20250101,2025_0101_48_02,1|4|7,1|4|7|2|9,1|9,1|9|4|2,0.224396|0.224396|0.224396|0.070124|0.056099
20250101,2025_0101_48_03,2|1|9,2|1|9|3|6,2|1,2|1|9,0.120476|0.107355|0.095112|0.093546|0.090357
20250101,2025_0101_48_04,2|9|10,2|9|10|3|5,10|9,10|9,0.129140|0.114350|0.108772|0.099546|0.091013
20250101,2025_0101_48_05,11|10|2,11|10|2|9|4,4|11|9,4|11|9,0.110502|0.100113|0.099025|0.096405|0.091103
20250101,2025_0101_48_06,2|1|4,2|1|4|8|3,3,3|1,0.126903|0.111974|0.107748|0.102895|0.087520
20250101,2025_0101_48_07,2|7|1,2|7|1|8|3,2|1,2|1,0.182514|0.121676|0.096060|0.091257|0.080521
20250101,2025_0101_48_08,1|6|7,1|6|7|11|8,8,8|1,0.125087|0.118833|0.105629|0.103138|0.100476
20250101,2025_0101_48_09,10|8|4,10|8|4|7|9,10|4|8,10|4|8|9,0.202340|0.144528|0.134893|0.103764|0.068204
20250101,2025_0101_48_10,4|7|3,4|7|3|11|1,7|1,7|1|3,0.338307|0.087960|0.084577|0.074005|0.067661
20250101,2025_0101_48_11,2|8|5,2|8|5|12|1,2|1,2|1|8|12,0.153424|0.117160|0.103101|0.092054|0.088880
20250101,2025_0101_48_12,7|5|9,7|5|9|1|11,7|1,7|1,0.162811|0.109897|0.106845|0.103160|0.085476
20250101,2025_0101_54_01,7|3|2,7|3|2|4|6,3|2|4,3|2|4|6,0.237873|0.203891|0.129749|0.121640|0.117237
20250101,2025_0101_54_02,5|1|8,5|1|8|4|2,5|1|4,5|1|4|2,0.370776|0.185388|0.109052|0.092694|0.079452
20250101,2025_0101_54_03,1|8|5,1|8|5|7|4,1|7|8,1|7|8|5|4,0.276105|0.125502|0.124247|0.096037|0.086283
20250101,2025_0101_54_04,4|1|3,4|1|3|10|9,4|3|9,4|3|9,0.229869|0.183895|0.098887|0.083589|0.074707
20250101,2025_0101_54_05,1|2|3,1|2|3|8|5,8|3,8|3|1|2,0.193758|0.161465|0.153092|0.112732|0.089427
20250101,2025_0101_54_06,9|8|2,9|8|2|4|3,8|9,8|9,0.232543|0.146170|0.131553|0.118061|0.084653
20250101,2025_0101_54_07,3|6|2,3|6|2|7|5,3|2|7,3|2|7|5,0.192835|0.163909|0.158257|0.147184|0.142261
20250101,2025_0101_54_08,5|4|3,5|4|3|1|6,5|6|4,5|6|4|1|3,0.462821|0.191512|0.115705|0.089316|0.074051
20250101,2025_0101_54_09,7|11|1,7|11|1|10|6,1,1,0.140314|0.102391|0.099495|0.095668|0.094040
20250102,2025_0102_45_01,6|11|10,6|11|10|4|5,10|11|5,10|11|5|6,0.239010|0.239010|0.083653|0.082734|0.062897
20250102,2025_0102_45_02,4|12|1,4|12|1|5|6,4|1,4|1|6,0.113498|0.088172|0.086856|0.086597|0.078803
20250102,2025_0102_45_03,6|5|8,6|5|8|3|12,5|8,5|8|6,0.299133|0.119653|0.070384|0.059827|0.056087
20250102,2025_0102_45_04,1|9|3,1|9|3|7|5,7|1,7|1|5|9,0.210108|0.120062|0.084043|0.084043|0.064649
20250102,2025_0102_45_05,10|5|1,10|5|1|2|9,10|5,10|5|1|2,0.296188|0.155888|0.066881|0.066642|0.057327
20250102,2025_0102_45_06,10|6|2,10|6|2|8|3,2|8,2|8|3|10,0.146745|0.110059|0.092681|0.090305|0.077234
20250102,2025_0102_45_07,10|1|7,10|1|7|13|8,13|1|7|8,13|1|7|8|10,0.170020|0.136016|0.088158|0.085010|0.082712
20250102,2025_0102_45_08,1|4|8,1|4|8|10|5,10|8|1,10|8|1|5,0.240107|0.160071|0.142286|0.090297|0.080036
20250102,2025_0102_45_09,1|9|6,1|9|6|4|8,8|9,8|9|1|6,0.228804|0.141811|0.135686|0.097242|0.092611
20250102,2025_0102_45_10,5|12|11,5|12|11|10|7,5|7|10,5|7|10,0.199147|0.115906|0.111766|0.101496|0.097795
20250102,2025_0102_45_11,8|5|13,8|5|13|2|14,,13,0.267614|0.107046|0.085636|0.069381|0.066903
20250102,2025_0102_45_12,12|9|4,12|9|4|14|7,4|7,4|7|14,0.265364|0.084434|0.078892|0.068237|0.066341
20250102,2025_0102_48_01,3|2|10,3|2|10|5|8,2|3|5,2|3|5|8,0.170798|0.097385|0.097202|0.094888|0.088794
20250102,2025_0102_48_02,5|6|1,5|6|1|11|2,5|6|11,5|6|11|1,0.254872|0.101949|0.087385|0.083413|0.078422
20250102,2025_0102_48_03,3|8|5,3|8|5|6|11,5|3,5|3|11,0.144930|0.118015|0.116823|0.100134|0.085551
20250102,2025_0102_48_04,5|3|1,5|3|1|6|2,3|1|6,3|1|6|5,0.372034|0.093009|0.089288|0.074407|0.070864
20250102,2025_0102_48_05,6|3|4,6|3|4|8|5,5|6,5|6|8,0.150862|0.101898|0.099877|0.093440|0.092194
20250102,2025_0102_48_06,2|4|3,2|4|3|5|9,2|4,2|4|9|5,0.343226|0.092957|0.090854|0.071236|0.067798
20250102,2025_0102_48_07,7|11|9,7|11|9|5|3,7|11,7|11,0.345618|0.108005|0.070695|0.061249|0.060635
20250102,2025_0102_48_08,10|2|9,10|2|9|12|11,2|11,2|11|9,0.116814|0.111251|0.106194|0.103835|0.090662
20250102,2025_0102_48_09,2|7|5,2|7|5|1|6,2|5,2|5|1,0.167836|0.147696|0.098464|0.083209|0.079123
20250102,2025_0102_48_10,6|8|1,6|8|1|4|3,6|1,6|1|3,0.329274|0.156797|0.099506|0.089598|0.088198
20250102,2025_0102_48_11,2|7|8,2|7|8|9|1,2|7,2|7|9,0.261731|0.149560|0.112170|0.080122|0.072202
20250102,2025_0102_48_12,5|6|10,5|6|10|9|2,5|6|2,5|6|2,0.109868|0.107313|0.104636|0.101416|0.095357
20250102,2025_0102_50_01,2|11|8,2|11|8|6|3,2|11,2|11|6,0.364437|0.099392|0.064900|0.062297|0.057543
20250102,2025_0102_50_02,4|5|7,4|5|7|8|12,8,8|4,0.157036|0.157036|0.157036|0.157036|0.157036
20250102,2025_0102_50_03,1|10|7,1|10|7|11|12,7|10,7|10|12|11,0.149150|0.105283|0.099434|0.089490|0.089490
20250102,2025_0102_50_04,9|11|3,9|11|3|7|8,3|9,3|9|7|8,0.108185|0.103267|0.100653|0.090875|0.089595
20250102,2025_0102_50_05,7|4|2,7|4|2|5|12,4,4,0.113652|0.106398|0.093538|0.087133|0.085726
20250102,2025_0102_50_06,2|12|6,2|12|6|7|10,6|7|2,6|7|2|12,0.110409|0.098276|0.095546|0.095546|0.091373
20250102,2025_0102_50_07,2|4|12,2|4|12|3|7,3|2,3|2|12,0.241633|0.241633|0.080544|0.066835|0.064435
20250102,2025_0102_50_08,4|11|9,4|11|9|3|12,11|4,11|4|12,0.186318|0.149054|0.090336|0.083295|0.079851
20250102,2025_0102_50_09,1|8|7,1|8|7|4|5,4|7|1,4|7|1|5|8,0.404312|0.158837|0.095132|0.090970|0.072199
20250102,2025_0102_50_10,2|6|4,2|6|4|8|1,1|6,1|6|2,0.299645|0.108962|0.079318|0.070750|0.069149
20250102,2025_0102_50_11,12|3|11,12|3|11|10|9,10|12,10|12|3|11,0.135433|0.100321|0.098497|0.094214|0.083344
20250102,2025_0102_50_12,4|1|7,4|1|7|8|5,4|1|8,4|1|8|5,0.194772|0.178541|0.151489|0.089271|0.079352
20250103,2025_0103_45_01,11|9|12,11|9|12|1|2,,2|9,0.106913|0.085530|0.085530|0.081457|0.080184
20250103,2025_0103_45_02,8|12|10,8|12|10|7|6,10|8|6,10|8|6|12,0.117956|0.110899|0.108126|0.091054|0.090524
20250103,2025_0103_45_03,6|7|5,6|7|5|11|13,6,6|7,0.156935|0.156935|0.104623|0.067258|0.066078
20250103,2025_0103_45_04,7|8|1,7|8|1|12|6,7|6,7|6|1,0.150899|0.121258|0.110864|0.097006|0.088188
20250103,2025_0103_45_05,3|7|1,3|7|1|10|6,3|1|10,3|1|10|7,0.158912|0.140512|0.114417|0.104882|0.090329
20250103,2025_0103_45_06,3|6|9,3|6|9|11|12,3|12|6,3|12|6|9,0.336234|0.149437|0.064045|0.062813|0.060350
20250103,2025_0103_45_07,11|13|5,11|13|5|14|4,13|4,13|4,0.220390|0.220390|0.110195|0.080142|0.064821
20250103,2025_0103_45_08,5|10|6,5|10|6|2|3,10|5,10|5|6|3,0.161721|0.154020|0.110894|0.099221|0.092412
20250103,2025_0103_45_09,1|2|5,1|2|5|14|12,2|14,2|14|5,0.099860|0.087057|0.078352|0.075338|0.075132
20250103,2025_0103_45_10,6|3|4,6|3|4|2|5,3|2|6,3|2|6,0.149476|0.119419|0.118902|0.103257|0.098094
20250103,2025_0103_45_11,8|4|12,8|4|12|9|2,4,4|8,0.253687|0.181205|0.084562|0.080112|0.069983
20250103,2025_0103_45_12,13|10|1,13|10|1|6|11,13|6|10,13|6|10,0.171225|0.142688|0.128419|0.070852|0.070047
20250103,2025_0103_48_01,2|1|10,2|1|10|9|5,2|5,2|5|10,0.301401|0.150701|0.075350|0.069554|0.062359
20250103,2025_0103_48_02,10|8|2,10|8|2|4|6,6|8,6|8|10,0.120794|0.110530|0.105455|0.102120|0.100662
20250103,2025_0103_48_03,4|9|3,4|9|3|8|1,8|9|4,8|9|4|3,0.181470|0.125633|0.113791|0.109929|0.096073
20250103,2025_0103_48_04,6|11|3,6|11|3|1|9,6,6|1|9,0.221063|0.141480|0.082430|0.079278|0.079187
20250103,2025_0103_48_05,11|8|9,11|8|9|5|2,11|8,11|8|5,0.230636|0.094390|0.085477|0.085057|0.081203
20250103,2025_0103_48_06,4|9|3,4|9|3|11|1,4|1|3,4|1|3,0.123964|0.120423|0.116270|0.115700|0.094833
20250103,2025_0103_48_07,1|10|6,1|10|6|5|2,10,10|6|5,0.153094|0.135457|0.104979|0.100941|0.081322
20250103,2025_0103_48_08,9|1|8,9|1|8|7|11,7|8|1,7|8|1,0.138553|0.115236|0.115048|0.107379|0.099119
20250103,2025_0103_48_09,2|11|4,2|11|4|8|6,4|2,4|2,0.150464|0.101503|0.100765|0.099015|0.088743
20250103,2025_0103_48_10,1|2|4,1|2|4|6|7,1|7,1|7|2,0.161722|0.151423|0.143753|0.123217|0.123217
20250103,2025_0103_48_11,10|11|3,10|11|3|1|7,1|10|3,1|10|3,0.149882|0.120441|0.106495|0.105386|0.098360
20250103,2025_0103_48_12,5|6|7,5|6|7|4|8,5|6|7,5|6|7|4,0.348875|0.126864|0.091508|0.090449|0.079290
20250103,2025_0103_50_01,11|1|8,11|1|8|12|5,12|5,12|5|11,0.135535|0.102930|0.100624|0.092042|0.081533
20250103,2025_0103_50_02,9|7|5,9|7|5|1|3,1|9,1|9|7|5,0.222365|0.125080|0.108317|0.100064|0.093810
20250103,2025_0103_50_03,1|4|2,1|4|2|7|8,7|4,7|4|1,0.160731|0.101927|0.092867|0.082859|0.077221
20250103,2025_0103_50_04,7|6|1,7|6|1|12|9,1,1|6,0.246096|0.086014|0.084376|0.079102|0.077715
20250103,2025_0103_50_05,9|5|4,9|5|4|3|1,9,9|1,0.305967|0.101989|0.080822|0.067551|0.066930
20250103,2025_0103_50_06,1|7|4,1|7|4|5|8,7|1,7|1|5,0.145795|0.103272|0.093061|0.087477|0.084655
20250103,2025_0103_50_07,11|8|4,11|8|4|3|6,8|11|3,8|11|3|6,0.278475|0.099455|0.077354|0.075948|0.074713
20250103,2025_0103_50_08,7|6|10,7|6|10|11|5,7|10,7|10|11,0.120310|0.099487|0.097980|0.097304|0.095117
20250103,2025_0103_50_09,12|9|7,12|9|7|2|6,2,2|9|7,0.147086|0.101605|0.099639|0.096525|0.096525
20250103,2025_0103_50_10,7|9|10,7|9|10|6|8,7|10|9,7|10|9|8,0.216959|0.216959|0.216959|0.088391|0.066757
20250103,2025_0103_50_11,3|9|4,3|9|4|6|5,6|4,6|4,0.199948|0.144605|0.134965|0.112471|0.107581
20250103,2025_0103_50_12,12|8|1,12|8|1|4|10,12,12|1|4,0.130436|0.114572|0.100335|0.100335|0.096345
20250104,2025_0104_45_01,1|2|3,1|2|3|4|5,2|1,2|1|3,0.090909|0.090909|0.090909|0.090909|0.090909
20250104,2025_0104_45_02,6|8|11,6|8|11|5|7,5|7|11,5|7|11|6,0.104932|0.104932|0.095393|0.092587|0.087444
20250104,2025_0104_45_03,7|10|2,7|10|2|5|1,2|7,2|7|5,0.177145|0.126532|0.118097|0.088573|0.078152
20250104,2025_0104_45_04,11|1|9,11|1|9|12|2,9|2,9|2|1,0.157544|0.108030|0.090025|0.087932|0.078772
20250104,2025_0104_45_05,2|4|11,2|4|11|8|10,2|8|11,2|8|11|4,0.370034|0.111010|0.077902|0.065006|0.059206
20250104,2025_0104_45_06,12|7|11,12|7|11|4|6,7|4|6,7|4|6|12,0.221938|0.166453|0.104033|0.067710|0.062420
20250104,2025_0104_45_07,2|7|9,2|7|9|14|12,2|14|12,2|14|12,0.120591|0.120591|0.103364|0.093793|0.072355
20250104,2025_0104_45_08,7|9|2,7|9|2|6|4,6|4|2,6|4|2,0.215469|0.215469|0.129281|0.107735|0.082873
20250104,2025_0104_45_09,8|7|12,8|7|12|11|5,8|5,8|5,0.226084|0.113042|0.087922|0.083784|0.076732
20250104,2025_0104_45_10,3|11|8,3|11|8|2|14,3,3|11,0.230408|0.156450|0.087396|0.073464|0.073010
20250104,2025_0104_45_11,7|3|1,7|3|1|2|11,3|2,3|2,0.270146|0.127128|0.103902|0.094551|0.083122
20250104,2025_0104_45_12,5|6|1,5|6|1|2|10,5,5|6|2,0.192001|0.108618|0.105601|0.097478|0.080886
20250104,2025_0104_48_01,1|3|4,1|3|4|5|7,1|4,1|4|3,0.150934|0.150934|0.150934|0.150934|0.150934
20250104,2025_0104_48_02,1|11|6,1|11|6|3|10,11|1,11|1,0.362964|0.075096|0.065994|0.062222|0.061425
20250104,2025_0104_48_03,10|8|7,10|8|7|4|5,7,7|8,0.376650|0.102723|0.079295|0.077546|0.077261
20250104,2025_0104_48_04,5|1|7,5|1|7|2|9,1|7,1|7|5,0.162182|0.139013|0.116771|0.114481|0.101364
20250104,2025_0104_48_05,2|3|9,2|3|9|5|4,2|9,2|9|3,0.184949|0.173389|0.119322|0.106701|0.082990
20250104,2025_0104_48_06,1|6|7,1|6|7|10|2,1|6,1|6|7,0.165859|0.149525|0.134267|0.113432|0.100700
20250104,2025_0104_48_07,3|8|5,3|8|5|6|2,3|8,3|8|6,0.179694|0.149745|0.115518|0.112309|0.109570
20250104,2025_0104_48_08,8|6|7,8|6|7|10|9,8|7,8|7|10,0.268173|0.090766|0.086494|0.086128|0.084767
20250104,2025_0104_48_09,6|7|8,6|7|8|1|2,6|8,6|8|7,0.158498|0.138686|0.136413|0.131387|0.125013
20250104,2025_0104_48_10,4|2|10,4|2|10|5|8,4|8,4|8|10,0.127442|0.115182|0.109236|0.094699|0.088594
20250104,2025_0104_48_11,1|7|6,1|7|6|12|9,6|9,6|9|7,0.248596|0.119694|0.095614|0.077686|0.076946
20250104,2025_0104_48_12,9|7|3,9|7|3|11|1,9,9|3,0.144530|0.139868|0.112192|0.105387|0.087594
20250104,2025_0104_50_01,12|11|6,12|11|6|10|9,6|12,6|12|9,0.101500|0.099933|0.097909|0.097303|0.090858
20250104,2025_0104_50_02,5|9|4,5|9|4|10|1,4|10,4|10|5|9,0.147511|0.113820|0.106671|0.105365|0.103345
20250104,2025_0104_50_03,4|12|5,4|12|5|1|7,4|5,4|5|12|1,0.223207|0.146099|0.092717|0.077762|0.072319
20250104,2025_0104_50_04,4|1|9,4|1|9|3|11,4,4|11|3,0.108391|0.105714|0.096104|0.095143|0.091945
20250104,2025_0104_50_05,4|1|7,4|1|7|2|3,1|4,1|4|3|2,0.179603|0.127718|0.116612|0.113168|0.108148
20250104,2025_0104_50_06,7|6|3,7|6|3|1|10,6|1|7,6|1|7|3,0.174610|0.124241|0.108036|0.105911|0.097535
20250104,2025_0104_50_07,6|7|5,6|7|5|3|2,7,7|6|5,0.208445|0.129881|0.123940|0.103196|0.092642
20250104,2025_0104_50_08,10|3|8,10|3|8|1|9,9|8,9|8|10|3,0.230150|0.115075|0.115075|0.098636|0.092060
20250104,2025_0104_50_09,9|5|3,9|5|3|7|8,5|9|3,5|9|3|8,0.220967|0.117849|0.114903|0.097226|0.092070
20250104,2025_0104_50_10,6|1|7,6|1|7|3|2,1|6,1|6|3,0.186733|0.163391|0.113664|0.108928|0.099591
20250104,2025_0104_50_11,10|2|9,10|2|9|11|12,12|2|10,12|2|10,0.241636|0.104921|0.084572|0.083062|0.083062
20250104,2025_0104_50_12,3|4|10,3|4|10|1|6,3|1,3|1|4,0.185431|0.115894|0.110375|0.105625|0.097202
20250104,2025_0104_55_01,11|3|8,11|3|8|1|10,8,8|11,0.435310|0.077388|0.072552|0.062187|0.056290
20250104,2025_0104_55_02,8|11|1,8|11|1|2|6,6,6|8|1,0.136805|0.098803|0.095897|0.094851|0.093984
20250104,2025_0104_55_03,4|6|11,4|6|11|10|7,11|4|6,11|4|6|10,0.170346|0.095820|0.092604|0.090183|0.088110
20250104,2025_0104_55_04,8|4|2,8|4|2|5|7,7|4,7|4|2,0.112601|0.104085|0.088472|0.088472|0.085618
20250104,2025_0104_55_05,11|1|7,11|1|7|2|5,5|11,5|11|2|7,0.125206|0.103111|0.099638|0.097836|0.092800
20250104,2025_0104_55_06,9|5|7,9|5|7|3|2,2,2|9|5,0.320465|0.106822|0.075403|0.073953|0.071214
20250104,2025_0104_55_07,10|6|7,10|6|7|8|11,6|7|8,6|7|8|10,0.158263|0.112223|0.107907|0.100713|0.088124
20250104,2025_0104_55_08,3|1|4,3|1|4|6|8,3|8|6,3|8|6|4,0.337286|0.112429|0.082601|0.078359|0.071545
20250104,2025_0104_55_09,4|5|1,4|5|1|3|2,4,4|1|3,0.275669|0.130282|0.128521|0.117415|0.104584
20250104,2025_0104_55_10,5|6|4,5|6|4|9|12,5,5|9,0.135627|0.109147|0.104055|0.094035|0.086801
20250104,2025_0104_55_11,4|1|7,4|1|7|5|3,4|1|7,4|1|7|3,0.188599|0.157166|0.104455|0.100586|0.100073
20250104,2025_0104_55_12,4|9|10,4|9|10|1|7,9|10,9|10|7|4,0.235498|0.235498|0.235498|0.058875|0.042818
20250105,2025_0105_54_01,4|1|5,4|1|5|3|8,4|1,4|1|5,0.276833|0.138416|0.138416|0.110733|0.110733
20250105,2025_0105_54_02,6|7|8,6|7|8|2|4,6|7|8,6|7|8|2,0.245580|0.196464|0.130976|0.122790|0.087707
20250105,2025_0105_54_03,10|8|12,10|8|12|7|9,12|8|7,12|8|7,0.164830|0.117405|0.116846|0.106224|0.076921
20250105,2025_0105_54_04,1|5|2,1|5|2|6|8,5|6,5|6|1,0.145507|0.124720|0.122226|0.117525|0.109130
20250105,2025_0105_54_05,2|1|5,2|1|5|7|3,5|7|3,5|7|3|2,0.361153|0.116844|0.107578|0.106704|0.081771
20250105,2025_0105_54_06,5|1|8,5|1|8|3|4,8|3|1,8|3|1|5,0.427021|0.113186|0.100166|0.097050|0.078662
20250105,2025_0105_54_07,4|1|2,4|1|2|6|9,6|4,6|4,0.343087|0.171544|0.082595|0.077195|0.073243
20250105,2025_0105_54_08,2|1|7,2|1|7|6|3,7|3,7|3|6|1,0.216676|0.211260|0.154924|0.089265|0.088025
20250105,2025_0105_54_09,5|1|7,5|1|7|4|3,5|1,5|1|7,0.162013|0.155410|0.138674|0.125192|0.121398
20250105,2025_0105_54_10,1|5|11,1|5|11|2|3,5,5|11|2,0.106196|0.103836|0.098027|0.095577|0.094397
20250105,2025_0105_55_01,1|7|8,1|7|8|9|10,9|1,9|1|8,0.142111|0.128381|0.125671|0.098755|0.097109
20250105,2025_0105_55_02,8|9|3,8|9|3|6|1,9|1|8,9|1|8|3,0.134140|0.122217|0.107312|0.100476|0.091662
20250105,2025_0105_55_03,9|5|4,9|5|4|1|2,5|2|1,5|2|1|9,0.170209|0.121353|0.119146|0.118073|0.110636
20250105,2025_0105_55_04,1|8|2,1|8|2|10|6,1|8|2,1|8|2|6,0.298408|0.198939|0.074602|0.074602|0.070214
20250105,2025_0105_55_05,7|5|10,7|5|10|12|2,12|5,12|5|7,0.219143|0.131486|0.091310|0.084286|0.078265
20250105,2025_0105_55_06,5|2|1,5|2|1|10|8,10|5,10|5|2,0.175238|0.117807|0.111854|0.106205|0.092983
20250105,2025_0105_55_07,1|6|9,1|6|9|8|7,9,9|7,0.252204|0.118684|0.093409|0.082113|0.081356
20250105,2025_0105_55_08,6|3|8,6|3|8|5|1,6|8,6|8|1|5,0.284981|0.166239|0.092658|0.081757|0.077578
20250105,2025_0105_55_09,5|12|3,5|12|3|2|10,10|5,10|5,0.129761|0.102432|0.090381|0.086818|0.085289
20250105,2025_0105_55_10,1|2|3,1|2|3|5|9,2|9|1,2|9|1|3,0.242149|0.166045|0.157845|0.082434|0.079948
20250105,2025_0105_55_11,11|2|8,11|2|8|1|9,2|9,2|9|11|8,0.261365|0.125656|0.105602|0.079202|0.074372
20250105,2025_0105_55_12,8|9|7,8|9|7|5|6,6|7,6|7|5|9,0.134437|0.113381|0.101462|0.097934|0.090125
20250106,2025_0106_48_01,2|6|8,2|6|8|5|3,2|6|5,2|6|5|3|8,0.437394|0.072899|0.072899|0.069983|0.069062
20250106,2025_0106_48_02,7|5|6,7|5|6|3|8,6,6|8,0.150865|0.107761|0.094290|0.091088|0.086208
20250106,2025_0106_48_03,3|11|10,3|11|10|8|6,8|3,8|3|10,0.140262|0.116079|0.113897|0.105563|0.102009
20250106,2025_0106_48_04,7|6|5,7|6|5|4|10,7|6,7|6|4|10,0.130946|0.129223|0.126995|0.106172|0.080720
20250106,2025_0106_48_05,9|11|3,9|11|3|6|8,8|11,8|11|9,0.151063|0.114904|0.114332|0.104142|0.087430
20250106,2025_0106_48_06,5|11|10,5|11|10|2|7,11|10,11|10|7,0.180244|0.115356|0.105348|0.090122|0.080108
20250106,2025_0106_48_07,1|11|10,1|11|10|5|3,1|10|5,1|10|5|11,0.282865|0.116474|0.102860|0.099835|0.094288
20250106,2025_0106_48_08,1|10|2,1|10|2|3|8,2,2|3,0.192710|0.140044|0.102254|0.090989|0.083344
20250106,2025_0106_48_09,2|4|1,2|4|1|8|7,2|4|1,2|4|1,0.274466|0.156494|0.128084|0.106416|0.089984
20250106,2025_0106_48_10,1|3|9,1|3|9|6|4,1|3,1|3|4,0.157025|0.125620|0.123377|0.088685|0.081571
20250106,2025_0106_48_11,5|9|6,5|9|6|4|2,9|4|5,9|4|5,0.361504|0.115374|0.104953|0.084797|0.079355
20250106,2025_0106_54_01,8|1|5,8|1|5|3|2,8|5|3,8|5|3|2,0.176883|0.142320|0.132361|0.117922|0.115046
20250106,2025_0106_54_02,7|9|6,7|9|6|2|10,9|6,9|6|2|7,0.308128|0.184877|0.115548|0.098601|0.076126
20250106,2025_0106_54_03,4|8|1,4|8|1|2|7,7|8|2,7|8|2|4,0.205118|0.152285|0.141407|0.128856|0.124854
20250106,2025_0106_54_04,3|4|9,3|4|9|2|8,3,3|2,0.331729|0.114389|0.086538|0.081089|0.072980
20250106,2025_0106_54_05,10|4|8,10|4|8|5|1,10|4|8,10|4|8|1,0.133127|0.124786|0.120168|0.106879|0.095091
20250106,2025_0106_54_06,4|7|5,4|7|5|6|1,4|7|5,4|7|5,0.214022|0.156058|0.145654|0.106252|0.099877
20250106,2025_0106_54_07,5|4|6,5|4|6|2|3,6|4,6|4,0.159392|0.152462|0.144902|0.132827|0.093760
20250106,2025_0106_54_08,2|6|3,2|6|3|8|9,9|6,9|6|3,0.136526|0.129415|0.121243|0.119460|0.112944
20250106,2025_0106_54_09,2|1|3,2|1|3|5|8,3,3,0.117180|0.116250|0.108500|0.096445|0.089679
20250106,2025_0106_55_01,2|6|9,2|6|9|5|4,6|9,6|9,0.195973|0.110975|0.103143|0.099831|0.093320
20250106,2025_0106_55_02,2|8|3,2|8|3|7|6,6|2|3,6|2|3|8,0.153871|0.136774|0.126717|0.107710|0.106526
20250106,2025_0106_55_03,7|6|3,7|6|3|9|11,6|11|3,6|11|3|7,0.239105|0.103612|0.095642|0.090608|0.077017
20250106,2025_0106_55_04,2|11|7,2|11|7|9|6,11|9|2,11|9|2|6,0.141641|0.135444|0.116243|0.101617|0.096316
20250106,2025_0106_55_05,7|3|8,7|3|8|6|4,3,3|6|8,0.233561|0.116780|0.112610|0.100097|0.096903
20250106,2025_0106_55_06,6|8|3,6|8|3|4|10,3|6|10,3|6|10|4,0.113729|0.113729|0.109180|0.089786|0.083800
20250106,2025_0106_55_07,11|6|8,11|6|8|10|7,10|8|6,10|8|6|7|11,0.118668|0.113670|0.095691|0.095070|0.091433
20250106,2025_0106_55_08,6|8|10,6|8|10|7|1,6|10,6|10|1,0.170914|0.170914|0.085457|0.080430|0.072509
20250106,2025_0106_55_09,2|10|1,2|10|1|4|5,10|2,10|2,0.287666|0.085428|0.079636|0.076118|0.072783
20250106,2025_0106_55_10,10|7|8,10|7|8|6|11,10|7,10|7|8,0.242790|0.106220|0.103497|0.090126|0.075995
20250106,2025_0106_55_11,2|4|5,2|4|5|7|8,2|7|5,2|7|5|4,0.268923|0.192088|0.115253|0.110984|0.085826
20250106,2025_0106_55_12,7|8|2,7|8|2|1|10,2|8,2|8,0.332650|0.332650|0.055442|0.047521|0.045361
20250107,2025_0107_42_01,6|4|9,6|4|9|8|7,9,9|4|8,0.181806|0.121204|0.088686|0.079046|0.072723
20250107,2025_0107_42_02,2|6|1,2|6|1|7|10,6|10,6|10|2,0.123627|0.110295|0.101811|0.098902|0.098340
20250107,2025_0107_42_03,6|7|2,6|7|2|4|1,6|1,6|1|4|7,0.148836|0.125732|0.098803|0.097157|0.094023
20250107,2025_0107_42_04,2|4|6,2|4|6|1|3,6|1,6|1|3|4,0.303545|0.303545|0.086727|0.075886|0.067454
20250107,2025_0107_42_05,1|3|10,1|3|10|11|9,10,10|1,0.284839|0.086315|0.076687|0.074306|0.071210
20250107,2025_0107_42_06,1|12|4,1|12|4|6|5,1|6|4,1|6|4|12|5,0.194357|0.129572|0.105058|0.089703|0.071173
20250107,2025_0107_42_07,7|11|8,7|11|8|4|2,7|2,7|2|8,0.145595|0.113240|0.107658|0.103294|0.097579
20250107,2025_0107_42_08,2|4|8,2|4|8|10|5,4|10|8,4|10|8|5,0.130278|0.119643|0.117607|0.108875|0.085793
20250107,2025_0107_42_09,12|9|1,12|9|1|7|3,12|3,12|3,0.305520|0.098328|0.081472|0.080136|0.073458
20250107,2025_0107_42_10,5|6|11,5|6|11|3|2,3|5|2,3|5|2|11,0.271722|0.086457|0.076082|0.074106|0.071327
20250107,2025_0107_42_11,2|8|4,2|8|4|6|7,8|2,8|2|6,0.157859|0.105006|0.096592|0.087505|0.085422
20250107,2025_0107_42_12,9|6|8,9|6|8|10|7,,10,0.145762|0.114278|0.108035|0.092758|0.084707
20250107,2025_0107_47_01,7|3|4,7|3|4|9|5,4|7|9,4|7|9|3,0.144145|0.117765|0.116874|0.115672|0.106774
20250107,2025_0107_47_02,8|2|4,8|2|4|3|5,8|4|5,8|4|5|3|2,0.454650|0.099801|0.090930|0.082664|0.071039
20250107,2025_0107_47_03,2|7|6,2|7|6|1|4,7|2,7|2|1,0.292775|0.195183|0.097592|0.092109|0.085690
20250107,2025_0107_47_04,4|5|3,4|5|3|7|2,7|3|5,7|3|5|4,0.186518|0.163204|0.132981|0.121859|0.106582
20250107,2025_0107_47_05,2|1|8,2|1|8|6|4,8,8|6|1,0.154170|0.142995|0.135195|0.131159|0.118515
20250107,2025_0107_47_06,7|1|2,7|1|2|8|3,8|1,8|1|7,0.429687|0.107422|0.096680|0.090460|0.071121
20250107,2025_0107_47_07,6|5|8,6|5|8|4|9,4|9|8,4|9|8|5,0.201411|0.120847|0.114314|0.113294|0.103465
20250107,2025_0107_47_08,7|2|6,7|2|6|4|8,6|7|4,6|7|4|8,0.231485|0.161233|0.135033|0.111978|0.097321
20250107,2025_0107_47_09,3|4|6,3|4|6|2|1,4,4|2|3,0.323917|0.186875|0.118095|0.089977|0.080281
20250107,2025_0107_47_10,1|3|7,1|3|7|9|2,7|3|2,7|3|2|1,0.163648|0.138451|0.119281|0.117417|0.115021
20250107,2025_0107_47_11,6|4|7,6|4|7|3|5,7|4,7|4|5|6,0.208862|0.195809|0.164891|0.097904|0.091074
20250108,2025_0108_42_01,10|1|7,10|1|7|11|9,10|9,10|9|11,0.111792|0.109130|0.103386|0.090662|0.089696
20250108,2025_0108_42_02,10|12|5,10|12|5|9|3,5|9|3,5|9|3,0.307213|0.122885|0.115205|0.082711|0.081321
20250108,2025_0108_42_03,11|6|10,11|6|10|8|2,2,2|6,0.137364|0.113680|0.112389|0.093657|0.091576
20250108,2025_0108_42_04,11|3|10,11|3|10|9|4,3,3|4,0.177294|0.113230|0.094979|0.091043|0.078037
20250108,2025_0108_42_05,3|9|4,3|9|4|7|5,5|3|9,5|3|9|4|7,0.178463|0.143526|0.132973|0.091892|0.073874
20250108,2025_0108_42_06,5|2|4,5|2|4|12|3,5,5,0.212800|0.141866|0.085120|0.085120|0.079800
20250108,2025_0108_42_07,4|7|8,4|7|8|11|9,4|7,4|7|9,0.317770|0.317770|0.051999|0.049652|0.041448
20250108,2025_0108_42_08,8|12|11,8|12|11|5|7,7|11,7|11,0.146227|0.117286|0.108264|0.100531|0.096510
20250108,2025_0108_42_09,7|5|11,7|5|11|3|4,11|3,11|3|4,0.113051|0.106596|0.096859|0.089408|0.088557
20250108,2025_0108_42_10,8|1|7,8|1|7|5|11,11|1,11|1|8,0.130734|0.129036|0.115533|0.112907|0.098793
20250108,2025_0108_42_11,1|5|12,1|5|12|2|7,5|12,5|12|2,0.191970|0.127980|0.115182|0.109697|0.082273
20250108,2025_0108_42_12,2|12|7,2|12|7|5|11,12|7,12|7,0.129173|0.119177|0.111232|0.087051|0.084250
20250108,2025_0108_47_01,8|5|4,8|5|4|1|3,4|3,4|3|8|5,0.145125|0.139300|0.126863|0.126814|0.124731
20250108,2025_0108_47_02,4|8|6,4|8|6|5|7,4|5|8,4|5|8|7|6,0.161369|0.152646|0.121342|0.119659|0.118765
20250108,2025_0108_47_03,1|3|4,1|3|4|2|6,3,3|1|4,0.192918|0.176841|0.122429|0.116052|0.104999
20250108,2025_0108_47_04,9|10|8,9|10|8|2|3,10|9|8,10|9|8|3,0.142703|0.127635|0.102405|0.095135|0.093536
20250108,2025_0108_47_05,5|1|7,5|1|7|6|3,5|1,5|1|7,0.222668|0.135865|0.120289|0.118464|0.108033
20250108,2025_0108_47_06,6|5|8,6|5|8|1|2,1|8|5,1|8|5|2,0.164876|0.143148|0.135627|0.133813|0.123108
20250108,2025_0108_47_07,3|1|4,3|1|4|7|6,3|7,3|7|4|1,0.219492|0.145988|0.142670|0.129700|0.116250
20250108,2025_0108_47_08,2|4|10,2|4|10|8|5,4|10|2,4|10|2|8,0.238322|0.238322|0.238322|0.048887|0.047664
20250108,2025_0108_47_09,5|7|2,5|7|2|3|4,7|3,7|3|5,0.212814|0.174120|0.145731|0.126749|0.093684
20250108,2025_0108_47_10,8|4|9,8|4|9|10|1,4|9,4|9|8,0.133384|0.132009|0.102068|0.099086|0.097392
20250108,2025_0108_50_01,6|1|11,6|1|11|5|2,6|1,6|1|5|2,0.172854|0.095070|0.088732|0.085563|0.072404
20250108,2025_0108_50_02,2|4|7,2|4|7|3|6,4|3|2,4|3|2,0.196833|0.165243|0.137702|0.136977|0.131222
20250108,2025_0108_50_03,4|5|1,4|5|1|8|7,5|4|8,5|4|8|7,0.213107|0.150428|0.142071|0.125357|0.106553
20250108,2025_0108_50_04,9|1|3,9|1|3|5|7,1|9,1|9|3|7,0.138803|0.121216|0.114419|0.100797|0.100797
20250108,2025_0108_50_05,9|8|3,9|8|3|11|6,8|9,8|9,0.166064|0.123010|0.097685|0.082297|0.076712
20250108,2025_0108_50_06,3|9|4,3|9|4|5|2,9|5,9|5,0.133416|0.110912|0.102286|0.102286|0.096757
20250108,2025_0108_50_07,1|10|4,1|10|4|3|2,10|1,10|1|4,0.187525|0.157190|0.109518|0.107504|0.096201
20250108,2025_0108_50_08,1|2|4,1|2|4|5|3,4|1|2,4|1|2|3|5,0.222252|0.222252|0.222252|0.183031|0.150212
20250108,2025_0108_50_09,8|5|9,8|5|9|3|4,8|9|5,8|9|5|4,0.198996|0.145214|0.131803|0.099498|0.094014
20250108,2025_0108_50_10,1|4|9,1|4|9|2|3,3|1|9,3|1|9,0.193553|0.148684|0.121471|0.109035|0.100648
20250108,2025_0108_50_11,3|10|9,3|10|9|11|2,10|9|3,10|9|3|2,0.157825|0.132441|0.104801|0.102228|0.089530
20250108,2025_0108_50_12,11|8|4,11|8|4|2|3,8|4|11,8|4|11,0.211017|0.180872|0.105509|0.082900|0.068270
20250108,2025_0108_54_01,3|4|6,3|4|6|5|1,4|5,4|5|6,0.414527|0.138176|0.065452|0.064482|0.062702
20250108,2025_0108_54_02,8|6|4,8|6|4|7|9,8,8|6,0.107539|0.104851|0.097084|0.087376|0.087376
20250108,2025_0108_54_03,1|4|8,1|4|8|5|3,3|4,3|4|8,0.196167|0.192664|0.159840|0.134865|0.109721
20250108,2025_0108_54_04,1|6|5,1|6|5|7|3,7,7|5|1,0.140544|0.134846|0.129352|0.113791|0.102954
20250108,2025_0108_54_05,5|8|7,5|8|7|1|3,5|3,5|3|1,0.129271|0.115420|0.108631|0.107176|0.104928
20250108,2025_0108_54_06,5|8|9,5|8|9|1|6,9|8|5,9|8|5|6,0.174760|0.145633|0.135925|0.134267|0.128157
20250108,2025_0108_54_07,7|1|6,7|1|6|8|5,6|7|1,6|7|1|8,0.187523|0.154781|0.137239|0.129561|0.116578
20250108,2025_0108_54_08,5|3|6,5|3|6|2|1,6|2,6|2|3|1,0.434502|0.144834|0.082762|0.077753|0.068606
20250108,2025_0108_54_09,2|5|9,2|5|9|10|1,10|5|9,10|5|9|1|2,0.179811|0.132083|0.118571|0.094994|0.093651
20250108,2025_0108_54_10,5|8|7,5|8|7|4|10,8,8|4|5,0.144670|0.113049|0.100334|0.096002|0.088086
20250109,2025_0109_42_01,5|10|4,5|10|4|3|9,5|4|9,5|4|9|10,0.417404|0.066991|0.062371|0.059629|0.058981
20250109,2025_0109_42_02,6|9|1,6|9|1|2|5,6|2,6|2|9,0.125525|0.123283|0.103454|0.099623|0.096065
20250109,2025_0109_42_03,8|7|4,8|7|4|2|5,8|4|7,8|4|7,0.314150|0.100528|0.075123|0.066455|0.062830
20250109,2025_0109_42_04,9|10|12,9|10|12|5|8,12|5,12|5,0.123873|0.117975|0.117975|0.094955|0.091009
20250109,2025_0109_42_05,7|2|11,7|2|11|1|4,4,4|1,0.185228|0.108835|0.103988|0.098788|0.097291
20250109,2025_0109_42_06,2|1|7,2|1|7|12|5,1|5|12,1|5|12|7,0.264408|0.165255|0.085293|0.080791|0.062954
20250109,2025_0109_42_07,10|5|2,10|5|2|6|4,4|5|10,4|5|10,0.193294|0.135306|0.126520|0.081866|0.072702
20250109,2025_0109_42_08,2|6|10,2|6|10|3|1,2|1,2|1|6,0.159193|0.106129|0.102469|0.089148|0.088939
20250109,2025_0109_42_09,12|1|2,12|1|2|11|5,2,2|1|5,0.221230|0.110615|0.110615|0.080447|0.073743
20250109,2025_0109_42_10,3|9|6,3|9|6|1|4,3|1,3|1|4,0.145259|0.137996|0.134630|0.122663|0.122120
20250109,2025_0109_42_11,4|7|11,4|7|11|8|1,11|1,11|1,0.165330|0.156145|0.104097|0.093687|0.089226
20250109,2025_0109_42_12,10|6|7,10|6|7|8|5,5|10,5|10|6,0.232412|0.116206|0.083004|0.082028|0.079432
20250109,2025_0109_47_01,4|5|1,4|5|1|7|2,1|2,1|2|4|5,0.283210|0.133589|0.124215|0.123964|0.119067
20250109,2025_0109_47_02,4|1|2,4|1|2|3|5,3|1,3|1|5|2,0.471215|0.117804|0.096166|0.083156|0.078536
20250109,2025_0109_47_03,1|3|4,1|3|4|7|2,1|2|3,1|2|3|4,0.253097|0.168731|0.115544|0.111275|0.108470
20250109,2025_0109_47_04,5|7|1,5|7|1|2|8,8|7,8|7|5,0.208839|0.127624|0.116501|0.114607|0.113912
20250109,2025_0109_47_05,2|5|4,2|5|4|8|1,2|5,2|5|4,0.247983|0.151398|0.134456|0.115408|0.111685
20250109,2025_0109_47_06,5|3|8,5|3|8|4|6,4|5,4|5|8,0.177014|0.168585|0.134868|0.123629|0.112879
20250109,2025_0109_47_07,8|1|6,8|1|6|5|4,1|5|8,1|5|8|4,0.215818|0.149413|0.145677|0.115617|0.097118
20250109,2025_0109_47_08,4|1|3,4|1|3|6|7,4|6,4|6|1,0.222555|0.166916|0.140561|0.129824|0.106439
20250109,2025_0109_47_09,12|2|4,12|2|4|10|1,2|12,2|12|4,0.158642|0.097168|0.096565|0.083287|0.081654
20250109,2025_0109_47_10,4|2|3,4|2|3|7|10,3|10,3|10|7|2,0.128483|0.117150|0.103026|0.100879|0.098153
20250109,2025_0109_50_01,2|1|12,2|1|12|11|8,12|8,12|8|1,0.106621|0.102437|0.101843|0.094072|0.090974
20250109,2025_0109_50_02,3|4|8,3|4|8|5|10,4|10,4|10|5,0.118831|0.118831|0.109691|0.101856|0.100069
20250109,2025_0109_50_03,1|4|9,1|4|9|7|3,9|4,9|4,0.246259|0.109448|0.095326|0.093813|0.089549
20250109,2025_0109_50_04,8|2|3,8|2|3|7|4,8|2,8|2|7,0.234784|0.124297|0.104701|0.095261|0.091872
20250109,2025_0109_50_05,2|10|3,2|10|3|1|12,2|10,2|10|3,0.133435|0.108416|0.100076|0.096152|0.083090
20250109,2025_0109_50_06,6|4|7,6|4|7|9|10,9|6,9|6|7,0.291055|0.137868|0.089420|0.085418|0.075273
20250109,2025_0109_50_07,2|5|7,2|5|7|8|3,2|7|8,2|7|8|3,0.290353|0.290353|0.077427|0.072588|0.062968
20250109,2025_0109_50_08,3|4|1,3|4|1|2|5,4|3|2,4|3|2|1|5,0.294808|0.273750|0.189899|0.150294|0.091250
20250109,2025_0109_50_09,8|6|4,8|6|4|7|5,7,7|8|6,0.172634|0.134655|0.121859|0.092339|0.092229
20250109,2025_0109_50_10,9|1|2,9|1|2|10|7,9|1|2,9|1|2|10,0.308814|0.132349|0.108594|0.091500|0.074864
20250109,2025_0109_50_11,8|5|3,8|5|3|2|4,8|2,8|2|3|4,0.359350|0.147968|0.127511|0.089837|0.077697
20250109,2025_0109_50_12,2|7|10,2|7|10|8|11,2|7|11,2|7|11|10,0.294059|0.147030|0.077384|0.076238|0.067860
20250110,2025_0110_42_01,2|6|7,2|6|7|8|11,11,11|6|7,0.292948|0.292948|0.054928|0.049512|0.044386
20250110,2025_0110_42_02,10|1|4,10|1|4|6|3,1,1|4|6,0.143303|0.114237|0.099801|0.088961|0.079840
20250110,2025_0110_42_03,11|12|7,11|12|7|2|6,7|11,7|11|2,0.132580|0.119322|0.111367|0.099898|0.085912
20250110,2025_0110_42_04,1|3|5,1|3|5|6|7,1|6,1|6|7,0.214614|0.214614|0.214614|0.214614|0.042923
20250110,2025_0110_42_05,12|3|8,12|3|8|4|11,3|12,3|12,0.113619|0.104151|0.104151|0.092578|0.083320
20250110,2025_0110_42_06,3|10|2,3|10|2|7|5,7|10,7|10|2,0.182171|0.182171|0.104098|0.076704|0.075905
20250110,2025_0110_42_07,3|11|7,3|11|7|10|1,7|3|11,7|3|11,0.189138|0.180541|0.094569|0.081839|0.078808
20250110,2025_0110_42_08,8|6|2,8|6|2|7|9,8|6|9,8|6|9|7,0.159162|0.127329|0.109587|0.095497|0.095497
20250110,2025_0110_42_09,9|12|7,9|12|7|5|3,9,9|3|12,0.144426|0.106600|0.093641|0.090449|0.087789
20250110,2025_0110_42_10,8|9|12,8|9|12|11|1,11|9,11|9|8,0.163679|0.106088|0.099804|0.093531|0.072746
20250110,2025_0110_42_11,1|7|2,1|7|2|5|6,5|7,5|7,0.283060|0.283060|0.078628|0.065321|0.061535
20250110,2025_0110_42_12,5|8|1,5|8|1|11|9,9,9|8,0.135734|0.133795|0.097559|0.089347|0.076865
20250110,2025_0110_47_01,8|5|1,8|5|1|6|2,5|6,5|6|1,0.182338|0.148572|0.133715|0.133715|0.106364
20250110,2025_0110_47_02,2|8|7,2|8|7|1|3,1|2,1|2|3,0.153075|0.152542|0.139811|0.129958|0.114861
20250110,2025_0110_47_03,6|3|4,6|3|4|5|8,6|4,6|4|3,0.186045|0.178094|0.137387|0.110400|0.108704
20250110,2025_0110_47_04,5|1|8,5|1|8|4|2,5|1,5|1|8,0.180598|0.157665|0.134015|0.120399|0.118249
20250110,2025_0110_47_05,2|8|3,2|8|3|4|1,3|8|4,3|8|4,0.217461|0.184512|0.144974|0.106823|0.103067
20250110,2025_0110_47_06,1|2|4,1|2|4|6|7,1|7|4,1|7|4|2|6,0.215988|0.154277|0.152462|0.131471|0.107994
20250110,2025_0110_47_07,3|7|5,3|7|5|4|2,7|5,7|5|2|3,0.302514|0.302514|0.094536|0.072827|0.067225
20250110,2025_0110_47_08,4|6|8,4|6|8|1|2,4,4|2,0.422400|0.097873|0.088652|0.083644|0.082133
20250110,2025_0110_47_09,8|2|3,8|2|3|4|5,2|3,2|3|8|4,0.166714|0.155600|0.155322|0.140078|0.132754
20250110,2025_0110_47_10,6|3|7,6|3|7|2|4,6|2,6|2|4|7,0.150572|0.147835|0.125835|0.110106|0.106769
20250110,2025_0110_47_11,5|6|8,5|6|8|1|7,7|8,7|8|6,0.242851|0.161901|0.112541|0.107934|0.107019
20250111,2025_0111_55_01,9|6|5,9|6|5|2|7,7|9|6,7|9|6|5,0.197798|0.176605|0.103608|0.100917|0.098899
20250111,2025_0111_55_02,10|4|2,10|4|2|8|3,8|10,8|10|3,0.178597|0.162959|0.109820|0.101462|0.097149
20250111,2025_0111_55_03,7|8|6,7|8|6|5|9,6|8,6|8|7,0.256354|0.129734|0.120241|0.111509|0.093498
20250111,2025_0111_55_04,10|4|2,10|4|2|3|8,4,4|3,0.147722|0.127578|0.116068|0.112269|0.102571
20250111,2025_0111_55_05,1|9|2,1|9|2|12|11,1|11|12,1|11|12,0.174788|0.116525|0.101490|0.084746|0.075995
20250111,2025_0111_55_06,3|5|2,3|5|2|12|7,2,2|3,0.112527|0.103250|0.093066|0.091289|0.090010
20250111,2025_0111_55_07,4|2|5,4|2|5|10|3,4,4|2,0.311054|0.084167|0.082948|0.079081|0.064040
20250111,2025_0111_55_08,4|8|2,4|8|2|11|6,8|6|4,8|6|4|11,0.251694|0.251694|0.074973|0.061639|0.058429
20250111,2025_0111_55_09,11|9|3,11|9|3|6|2,9|6|11,9|6|11|2,0.160788|0.092255|0.087161|0.085039|0.079898
20250111,2025_0111_55_10,6|5|2,6|5|2|4|1,5|4,5|4|6|1,0.264015|0.227346|0.132008|0.131161|0.125813
20250111,2025_0111_55_11,12|8|7,12|8|7|2|1,12|7,12|7|1|2,0.193600|0.094825|0.094439|0.092591|0.088503
20250112,2025_0112_54_01,6|8|11,6|8|11|1|3,6|11,6|11|8|3,0.286257|0.286257|0.095419|0.057251|0.047709
20250112,2025_0112_54_02,10|6|4,10|6|4|2|7,10|6|2,10|6|2|4,0.347205|0.173602|0.091370|0.065510|0.060623
20250112,2025_0112_54_03,3|9|6,3|9|6|8|1,9|8,9|8|6,0.145072|0.124347|0.123641|0.120893|0.116575
20250112,2025_0112_54_04,6|8|9,6|8|9|2|3,9|8,9|8|2,0.337796|0.131365|0.101339|0.093832|0.064342
20250112,2025_0112_54_05,5|4|1,5|4|1|7|3,5|1,5|1|4|3,0.218538|0.198671|0.149003|0.123313|0.119203
20250112,2025_0112_54_06,3|1|7,3|1|7|11|8,3|11,3|11|8,0.263649|0.175766|0.091704|0.074701|0.062774
20250112,2025_0112_54_07,5|4|6,5|4|6|7|9,5|4,5|4|9,0.215813|0.154152|0.124790|0.094840|0.094341
20250112,2025_0112_54_08,9|4|2,9|4|2|5|7,9|5,9|5|4|2,0.365622|0.109687|0.098817|0.092693|0.088020
20250112,2025_0112_54_09,8|6|10,8|6|10|9|2,8|6|10,8|6|10|2,0.151558|0.141454|0.104011|0.097378|0.083208
20250112,2025_0112_54_10,7|4|3,7|4|3|6|2,4|7,4|7|6|2,0.268125|0.218263|0.155513|0.109958|0.105791
20250112,2025_0112_54_11,4|12|5,4|12|5|9|1,4,4|12,0.142880|0.125082|0.082578|0.078901|0.078825
20250112,2025_0112_55_01,8|1|2,8|1|2|7|4,1|8,1|8|7,0.214331|0.196470|0.123403|0.102448|0.094601
20250112,2025_0112_55_02,7|10|3,7|10|3|9|8,10,10|9|8,0.374835|0.115334|0.076579|0.074041|0.068847
20250112,2025_0112_55_03,2|4|8,2|4|8|9|1,2,2|8,0.313857|0.125543|0.125543|0.091542|0.064936
20250112,2025_0112_55_04,11|8|7,11|8|7|6|1,8|7,8|7|6|1,0.135401|0.119204|0.112393|0.109271|0.085856
20250112,2025_0112_55_05,1|9|2,1|9|2|4|11,9|1,9|1,0.178091|0.173002|0.087531|0.086501|0.077359
20250112,2025_0112_55_06,4|9|3,4|9|3|1|10,4,4|1,0.127104|0.116051|0.113802|0.092041|0.090788
20250112,2025_0112_55_07,3|9|7,3|9|7|2|5,3|7,3|7,0.198128|0.112698|0.102898|0.097649|0.096500
20250112,2025_0112_55_08,3|5|6,3|5|6|8|1,1|3,1|3,0.150476|0.139106|0.103430|0.097809|0.085051
20250112,2025_0112_55_09,11|4|5,11|4|5|3|1,5|11|4,5|11|4|3,0.165577|0.147180|0.118270|0.100117|0.099346
20250112,2025_0112_55_10,5|4|3,5|4|3|11|6,3,3|11,0.160813|0.114356|0.094042|0.089340|0.078173
20250112,2025_0112_55_11,3|11|7,3|11|7|6|10,10,10|7,0.140068|0.108942|0.094126|0.092280|0.083522
20250113,2025_0113_44_01,6|3|11,6|3|11|8|9,6|11,6|11|3,0.321542|0.160771|0.067693|0.053590|0.047889
20250113,2025_0113_44_02,7|11|12,7|11|12|6|10,6|11|7,6|11|7|12|10,0.307754|0.307754|0.053061|0.051869|0.038469
20250113,2025_0113_44_03,1|2|3,1|2|3|4|5,1|4|5,1|4|5|2|3,0.166667|0.166667|0.166667|0.166667|0.166667
20250113,2025_0113_44_04,8|11|1,8|11|1|12|10,1,1|8,0.172850|0.111118|0.098772|0.095366|0.076245
20250113,2025_0113_44_05,11|3|13,11|3|13|1|9,11|9,11|9,0.154880|0.140800|0.116160|0.088309|0.081516
20250113,2025_0113_44_06,1|7|3,1|7|3|6|9,1,1|6,0.175168|0.166827|0.119852|0.100096|0.098532
20250113,2025_0113_44_07,7|2|6,7|2|6|3|12,7,7|12,0.168054|0.097580|0.087139|0.086428|0.074691
20250113,2025_0113_44_08,12|6|4,12|6|4|8|1,1,1,0.187470|0.124980|0.096413|0.077193|0.072357
20250113,2025_0113_44_09,16|3|8,16|3|8|11|1,,,0.191555|0.098298|0.086200|0.082095|0.066702
20250113,2025_0113_44_10,2|9|8,2|9|8|13|10,8|13,8|13|2|9,0.302702|0.098960|0.089689|0.071224|0.060540
20250113,2025_0113_44_11,5|8|6,5|8|6|4|2,6|8,6|8|5,0.236089|0.096363|0.085205|0.068525|0.066476
20250113,2025_0113_44_12,11|3|1,11|3|1|2|10,11|1,11|1,0.190093|0.103687|0.100049|0.099699|0.097818
20250113,2025_0113_54_01,3|6|1,3|6|1|7|8,3|1|6,3|1|6|8,0.184853|0.115533|0.105630|0.089929|0.086990
20250113,2025_0113_54_02,11|8|9,11|8|9|10|7,7,7,0.189651|0.101990|0.098618|0.094825|0.092718
20250113,2025_0113_54_03,1|3|7,1|3|7|5|8,3|1|7,3|1|7|8,0.298605|0.298605|0.088476|0.076784|0.067865
20250113,2025_0113_54_04,10|11|5,10|11|5|6|7,5|11,5|11,0.289825|0.181141|0.122032|0.067281|0.064406
20250113,2025_0113_54_05,7|3|4,7|3|4|1|2,4|2|7,4|2|7|3,0.262993|0.139519|0.107473|0.101151|0.101151
20250113,2025_0113_54_06,2|12|10,2|12|10|3|8,3,3|2,0.150020|0.130787|0.117257|0.115924|0.070843
20250113,2025_0113_54_07,1|8|4,1|8|4|10|7,1|10|8,1|10|8|4,0.210199|0.123907|0.122616|0.094006|0.081435
20250113,2025_0113_54_08,4|3|7,4|3|7|8|6,4|3|6,4|3|6|8,0.240449|0.183199|0.134021|0.123868|0.114500
20250113,2025_0113_54_09,1|7|2,1|7|2|8|6,1|6|2,1|6|2,0.250146|0.151604|0.138970|0.117186|0.111176
20250113,2025_0113_54_10,4|2|8,4|2|8|5|6,4|8,4|8|5,0.160910|0.140470|0.138815|0.118709|0.105580
20250113,2025_0113_54_11,6|12|2,6|12|2|8|1,8|2|12,8|2|12,0.103839|0.098705|0.094460|0.094460|0.091508
20250114,2025_0114_44_01,4|6|5,4|6|5|12|13,4|5|6,4|5|6,0.228751|0.147054|0.128672|0.079183|0.063723
20250114,2025_0114_44_02,14|9|2,14|9|2|10|3,2|3|9,2|3|9|10,0.145770|0.129573|0.116616|0.097180|0.072885
20250114,2025_0114_44_03,5|2|7,5|2|7|3|8,7|2,7|2|5,0.232183|0.159750|0.101718|0.100414|0.097806
20250114,2025_0114_44_04,2|12|5,2|12|5|4|1,4|5,4|5|2,0.246169|0.246169|0.054037|0.047139|0.043080
20250114,2025_0114_44_05,2|7|12,2|7|12|6|11,2|6,2|6,0.099859|0.099859|0.094603|0.085593|0.085593
20250114,2025_0114_44_06,6|11|12,6|11|12|2|3,,6|11,0.111925|0.111925|0.095935|0.089540|0.083944
20250114,2025_0114_44_07,12|5|2,12|5|2|6|11,6,6|12|2,0.164517|0.137098|0.119059|0.094914|0.084368
20250114,2025_0114_44_08,6|12|1,6|12|1|5|11,1|6,1|6|11,0.203279|0.124226|0.101639|0.079053|0.073652
20250114,2025_0114_44_09,11|10|3,11|10|3|13|5,10|11|5,10|11|5|13,0.238715|0.089518|0.079572|0.063942|0.059679
20250114,2025_0114_44_10,9|3|5,9|3|5|8|4,8|4|3,8|4|3|9,0.151798|0.140956|0.134450|0.121005|0.106706
20250114,2025_0114_44_11,1|3|5,1|3|5|2|4,2|3,2|3|5,0.183352|0.161781|0.144751|0.132772|0.102336
20250114,2025_0114_44_12,11|4|5,11|4|5|9|3,5|4|9,5|4|9|3,0.252904|0.221291|0.098962|0.086936|0.084301
20250114,2025_0114_48_01,2|8|1,2|8|1|3|11,8,8,0.165551|0.114966|0.098542|0.086225|0.086225
20250114,2025_0114_48_02,1|7|8,1|7|8|9|11,8|7,8|7|9,0.236990|0.236990|0.236990|0.074059|0.035110
20250114,2025_0114_48_03,11|2|8,11|2|8|6|7,2|11,2|11|6,0.134775|0.132978|0.094984|0.088000|0.086045
20250114,2025_0114_48_04,2|6|7,2|6|7|3|11,2|6,2|6|11,0.144634|0.144634|0.144634|0.078636|0.077138
20250114,2025_0114_48_05,2|11|8,2|11|8|6|1,6,6,0.110570|0.105589|0.103589|0.100174|0.099085
20250114,2025_0114_48_06,8|9|7,8|9|7|10|6,10|9,10|9|6|7,0.115816|0.103937|0.102191|0.102191|0.101339
20250114,2025_0114_48_07,6|1|4,6|1|4|5|2,5|4,5|4,0.102503|0.098635|0.096808|0.090591|0.089361
20250114,2025_0114_48_08,3|5|4,3|5|4|6|8,4|6,4|6|8|3,0.300077|0.300077|0.120031|0.060690|0.060015
20250114,2025_0114_48_09,6|4|3,6|4|3|2|1,4|3|1,4|3|1,0.319171|0.191502|0.097705|0.082072|0.063834
20250114,2025_0114_48_10,11|8|5,11|8|5|3|10,8,8|3,0.202030|0.111117|0.105825|0.087493|0.077782
20250114,2025_0114_48_11,4|5|6,4|5|6|2|1,2|5,2|5|6,0.190481|0.165270|0.125920|0.114587|0.111155
20250114,2025_0114_50_01,2|6|8,2|6|8|3|9,2|3|6,2|3|6|8,0.105369|0.101603|0.097454|0.097143|0.082709
20250114,2025_0114_50_02,6|12|3,6|12|3|7|8,8,8|3,0.211030|0.088338|0.084412|0.081166|0.079519
20250114,2025_0114_50_03,11|7|1,11|7|1|9|8,11,11|7,0.167457|0.092603|0.084432|0.082234|0.082020
20250114,2025_0114_50_04,7|9|8,7|9|8|3|2,7,7|3|2,0.126724|0.114125|0.113133|0.103491|0.098563
20250114,2025_0114_50_05,12|8|7,12|8|7|10|4,4|12|8,4|12|8,0.136594|0.096727|0.094807|0.087238|0.081820
20250114,2025_0114_50_06,8|12|5,8|12|5|7|2,12|8|7,12|8|7,0.179691|0.154471|0.089846|0.086924|0.074993
20250114,2025_0114_50_07,1|6|5,1|6|5|4|7,1|6|7,1|6|7|4,0.316480|0.316480|0.158240|0.065933|0.056263
20250114,2025_0114_50_08,1|10|9,1|10|9|6|5,10|9,10|9|5|1,0.110394|0.103673|0.103000|0.100711|0.092635
20250114,2025_0114_50_09,3|8|10,3|8|10|9|12,8|10|9,8|10|9|3,0.201320|0.201320|0.201320|0.075495|0.054595
20250114,2025_0114_50_10,11|3|8,11|3|8|9|7,9,9|11|7,0.120774|0.105678|0.105678|0.105678|0.093245
20250114,2025_0114_50_11,4|9|2,4|9|2|5|7,9|2,9|2|5,0.260933|0.173955|0.120431|0.083871|0.064386
20250114,2025_0114_50_12,9|7|11,9|7|11|8|1,7|11,7|11|1|9,0.187131|0.155942|0.093565|0.089497|0.084018
20250115,2025_0115_44_01,8|5|2,8|5|2|7|10,8|7,8|7|2,0.268839|0.149355|0.096300|0.087784|0.083433
20250115,2025_0115_44_02,11|6|3,11|6|3|13|12,3,3|13,0.089944|0.088247|0.078212|0.072998|0.071955
20250115,2025_0115_44_03,1|4|2,1|4|2|5|7,4|5|7,4|5|7,0.193730|0.193730|0.154984|0.154984|0.129154
20250115,2025_0115_44_04,8|4|7,8|4|7|11|3,11|8,11|8|7,0.119017|0.095214|0.095214|0.090067|0.079345
20250115,2025_0115_44_05,4|14|3,4|14|3|9|13,14|13|4,14|13|4,0.117062|0.117062|0.079017|0.078042|0.078042
20250115,2025_0115_44_06,8|11|6,8|11|6|12|1,6|11|8,6|11|8|12,0.127262|0.127262|0.084842|0.084842|0.076357
20250115,2025_0115_44_07,8|6|2,8|6|2|3|14,6|3|8,6|3|8,0.182722|0.156619|0.075609|0.071500|0.064968
20250115,2025_0115_44_08,7|12|5,7|12|5|2|1,1,1|2,0.144202|0.123602|0.105748|0.091328|0.084118
20250115,2025_0115_44_09,10|11|9,10|11|9|1|7,9|7,9|7|10,0.123013|0.111480|0.101925|0.095555|0.095555
20250115,2025_0115_44_10,1|8|10,1|8|10|11|9,11,11,0.111392|0.109995|0.106329|0.088607|0.082952
20250115,2025_0115_44_11,11|8|10,11|8|10|5|1,11|8|10,11|8|10|5,0.343776|0.128916|0.090467|0.074734|0.068755
20250115,2025_0115_44_12,11|2|5,11|2|5|3|9,5|2,5|2|3,0.190232|0.163056|0.117066|0.095116|0.095116
20250115,2025_0115_48_01,2|9|3,2|9|3|10|6,3|10,3|10|6,0.132912|0.117635|0.112774|0.092379|0.088105
20250115,2025_0115_48_02,11|1|8,11|1|8|6|9,6|9|8,6|9|8,0.109774|0.107596|0.102157|0.099320|0.097514
20250115,2025_0115_48_03,10|3|11,10|3|11|7|1,7|10|11,7|10|11|1,0.147725|0.130345|0.129583|0.103667|0.083178
20250115,2025_0115_48_04,10|2|4,10|2|4|1|5,1,1|10,0.130885|0.099605|0.098164|0.089984|0.085048
20250115,2025_0115_48_05,10|8|5,10|8|5|2|3,8|3,8|3|10,0.222639|0.111320|0.102757|0.091675|0.089056
20250115,2025_0115_48_06,2|10|3,2|10|3|7|4,4|2|3,4|2|3|10|7,0.112708|0.112296|0.110541|0.109684|0.104598
20250115,2025_0115_48_07,7|4|6,7|4|6|8|3,8|7,8|7|4,0.172703|0.134072|0.111973|0.108289|0.093030
20250115,2025_0115_48_08,2|8|5,2|8|5|6|3,,3,0.156531|0.140338|0.110384|0.093059|0.086034
20250115,2025_0115_48_09,1|3|4,1|3|4|6|7,4|7|6,4|7|6,0.131628|0.131628|0.131628|0.131628|0.131628
20250115,2025_0115_48_10,4|5|6,4|5|6|1|2,4|5,4|5|1,0.270071|0.180047|0.114082|0.110614|0.102550
20250115,2025_0115_48_11,4|9|6,4|9|6|2|1,6|4,6|4|9,0.414952|0.101326|0.088020|0.084990|0.074479
20250115,2025_0115_50_01,6|9|12,6|9|12|11|7,6,6|7|12,0.120748|0.104452|0.102635|0.088606|0.083974
20250115,2025_0115_50_02,2|9|8,2|9|8|12|4,2|8,2|8|9,0.189734|0.130103|0.084326|0.076919|0.076660
20250115,2025_0115_50_03,2|5|1,2|5|1|12|9,5,5|2,0.125613|0.125613|0.101457|0.094210|0.090805
20250115,2025_0115_50_04,2|10|5,2|10|5|6|1,2|10|5,2|10|5|6,0.256702|0.256702|0.073343|0.063342|0.056474
20250115,2025_0115_50_05,9|5|7,9|5|7|8|6,6|9,6|9|8,0.117597|0.117212|0.108092|0.102477|0.099324
20250115,2025_0115_50_06,1|6|7,1|6|7|8|2,,2,0.201532|0.201532|0.201532|0.100766|0.067177
20250115,2025_0115_50_07,5|7|3,5|7|3|8|12,5|8,5|8,0.133914|0.130194|0.119035|0.100435|0.085218
20250115,2025_0115_50_08,2|6|3,2|6|3|7|10,2|3|6,2|3|6,0.279212|0.116338|0.111685|0.077229|0.065925
20250115,2025_0115_50_09,6|9|8,6|9|8|5|10,9|8,9|8|6,0.110402|0.101909|0.097479|0.086231|0.084377
20250115,2025_0115_50_10,2|4|6,2|4|6|8|9,,6|2,0.143416|0.143416|0.143416|0.143416|0.143416
20250115,2025_0115_50_11,4|10|3,4|10|3|8|12,12|3,12|3,0.277264|0.138632|0.082693|0.080261|0.073937
20250115,2025_0115_50_12,2|3|12,2|3|12|11|5,3|12|5,3|12|5|2,0.132421|0.115868|0.101385|0.099316|0.092168
20250115,2025_0115_54_01,4|8|5,4|8|5|6|1,8|5|1,8|5|1|6,0.511085|0.082433|0.078629|0.077307|0.068145
20250115,2025_0115_54_02,7|8|1,7|8|1|3|2,7|8|2,7|8|2|3|1,0.402039|0.172303|0.104232|0.080408|0.074452
20250115,2025_0115_54_03,6|5|1,6|5|1|4|3,5|3,5|3|4|1,0.385133|0.256755|0.075026|0.069393|0.064189
20250115,2025_0115_54_04,2|3|6,2|3|6|1|9,6|2|1,6|2|1,0.183605|0.136556|0.133769|0.106407|0.099181
20250115,2025_0115_54_05,2|3|9,2|3|9|4|8,2|3,2|3|4,0.231785|0.113317|0.093967|0.093462|0.089312
20250115,2025_0115_54_06,7|10|4,7|10|4|1|3,10|7,10|7|4,0.178160|0.136501|0.124429|0.113609|0.101926
20250115,2025_0115_54_07,5|12|1,5|12|1|10|3,5|1,5|1|12,0.117580|0.116471|0.098976|0.090676|0.086421
20250115,2025_0115_54_08,9|8|4,9|8|4|3|2,8,8|2|4,0.326783|0.183816|0.108928|0.076100|0.061106
20250115,2025_0115_54_09,8|1|3,8|1|3|9|7,8|3,8|3|1,0.212407|0.194707|0.110052|0.109523|0.080732
20250115,2025_0115_54_10,7|5|8,7|5|8|3|6,8|3,8|3,0.106798|0.090567|0.090469|0.089920|0.089361
20250116,2025_0116_44_01,7|9|5,7|9|5|12|8,8|12,8|12|5,0.159784|0.159784|0.136958|0.075192|0.073746
20250116,2025_0116_44_02,3|13|14,3|13|14|1|9,3,3|9,0.133081|0.088721|0.088721|0.066541|0.066541
20250116,2025_0116_44_03,4|6|5,4|6|5|1|2,5|6|1,5|6|1,0.170316|0.129129|0.116216|0.099209|0.077477
20250116,2025_0116_44_04,7|1|8,7|1|8|11|5,11|1|8,11|1|8,0.279904|0.163277|0.132586|0.130622|0.066644
20250116,2025_0116_44_05,9|4|1,9|4|1|10|3,4|9|3,4|9|3|10,0.180270|0.099724|0.097646|0.094856|0.086796
20250116,2025_0116_44_06,9|3|1,9|3|1|5|10,9|1,9|1,0.219776|0.120877|0.087910|0.080584|0.067466
20250116,2025_0116_44_07,9|8|7,9|8|7|5|1,9|8,9|8|7,0.156017|0.103246|0.097511|0.096838|0.094028
20250116,2025_0116_44_08,6|10|5,6|10|5|2|8,2|6|10|5,2|6|10|5,0.158443|0.123999|0.114079|0.108647|0.105399
20250116,2025_0116_44_09,7|3|1,7|3|1|11|10,7|11,7|11|10,0.200402|0.090036|0.079647|0.078916|0.077234
20250116,2025_0116_44_10,11|14|5,11|14|5|15|2,2,2|11|14,0.108059|0.104881|0.098007|0.089428|0.086448
20250116,2025_0116_44_11,2|4|6,2|4|6|3|5,4|5|3,4|5|3|6|2,0.290153|0.181345|0.161196|0.148796|0.128957
20250116,2025_0116_44_12,4|3|2,4|3|2|8|6,3,3|4,0.156151|0.152373|0.095426|0.092018|0.085883
20250116,2025_0116_48_01,1|5|4,1|5|4|7|8,5|4,5|4|1|8,0.147086|0.135771|0.127785|0.120686|0.098057
20250116,2025_0116_48_02,9|6|10,9|6|10|8|4,6|8,6|8|4,0.410153|0.093217|0.084443|0.072380|0.068359
20250116,2025_0116_48_03,8|1|7,8|1|7|5|9,7|5|9,7|5|9|8|1,0.150180|0.129567|0.127075|0.114721|0.100658
20250116,2025_0116_48_04,6|2|8,6|2|8|1|10,6|2|8,6|2|8|10,0.172599|0.153422|0.143833|0.111098|0.090658
20250116,2025_0116_48_05,6|4|9,6|4|9|8|1,1|6,1|6|9,0.218343|0.149393|0.132461|0.121648|0.090976
20250116,2025_0116_48_06,4|2|1,4|2|1|7|3,4|3|1,4|3|1|7,0.324124|0.109144|0.094032|0.087817|0.086085
20250116,2025_0116_48_07,5|7|2,5|7|2|9|6,2|9|6,2|9|6|7,0.121402|0.120439|0.119692|0.118249|0.106338
20250116,2025_0116_48_08,2|6|3,2|6|3|4|7,4|3,4|3|7,0.197739|0.163349|0.161016|0.152312|0.127357
20250116,2025_0116_48_09,5|4|6,5|4|6|1|3,5|3|4,5|3|4,0.226931|0.160456|0.154726|0.133489|0.130295
20250116,2025_0116_48_10,3|5|2,3|5|2|7|4,5|3|4,5|3|4,0.272881|0.171651|0.140031|0.127344|0.114964
20250116,2025_0116_48_11,8|12|7,8|12|7|9|2,8|9|2,8|9|2|12,0.246943|0.102893|0.094073|0.089797|0.077982
20250116,2025_0116_48_12,5|2|10,5|2|10|8|3,5|8|10,5|8|10|2|3,0.333225|0.133290|0.091924|0.071405|0.070684
20250116,2025_0116_50_01,12|4|1,12|4|1|6|11,12|1,12|1|4,0.223039|0.116830|0.102226|0.088725|0.081781
20250116,2025_0116_50_02,2|3|1,2|3|1|5|7,7|3,7|3|2,0.492677|0.109484|0.098535|0.082113|0.082113
20250116,2025_0116_50_03,8|1|10,8|1|10|9|12,8|1,8|1|9,0.108799|0.106145|0.103618|0.092159|0.091337
20250116,2025_0116_50_04,7|5|9,7|5|9|11|8,,8,0.177956|0.109200|0.094832|0.093427|0.086685
20250116,2025_0116_50_05,12|3|5,12|3|5|2|7,2|3,2|3|5,0.339207|0.092511|0.071832|0.064406|0.063909
20250116,2025_0116_50_06,9|7|10,9|7|10|3|5,5|9,5|9|3,0.117213|0.100241|0.089103|0.088238|0.086557
20250116,2025_0116_50_07,11|9|12,11|9|12|2|7,11|2,11|2|9,0.145378|0.136681|0.118456|0.094765|0.081227
20250116,2025_0116_50_08,9|6|1,9|6|1|5|12,9|12,9|12|6,0.287803|0.084464|0.074006|0.074006|0.072741
20250116,2025_0116_50_09,11|12|3,11|12|3|5|2,3|12,3|12|11|2,0.120407|0.111361|0.108830|0.108830|0.097307
20250116,2025_0116_50_10,11|5|12,11|5|12|2|6,11|5,11|5|6,0.155612|0.124490|0.121032|0.086670|0.083499
20250116,2025_0116_50_11,2|12|4,2|12|4|10|9,2|12,2|12,0.240576|0.151636|0.092403|0.074170|0.071079
20250116,2025_0116_50_12,5|8|1,5|8|1|9|7,5|8|9,5|8|9|7,0.179836|0.114249|0.107902|0.107902|0.080926
20250117,2025_0117_44_01,8|4|6,8|4|6|1|9,6|8|4,6|8|4|9,0.312516|0.156258|0.095113|0.082241|0.078129
20250117,2025_0117_44_02,5|4|9,5|4|9|12|13,5,5|12,0.134073|0.089382|0.073740|0.073131|0.073131
20250117,2025_0117_44_03,11|5|1,11|5|1|4|7,1|11,1|11,0.207546|0.155660|0.088948|0.083817|0.080054
20250117,2025_0117_44_04,10|6|9,10|6|9|1|11,1|10|9,1|10|9,0.192533|0.144400|0.123771|0.120333|0.072200
20250117,2025_0117_44_05,6|2|5,6|2|5|4|7,2|5,2|5|6,0.193036|0.160863|0.160863|0.134053|0.129475
20250117,2025_0117_44_06,3|4|11,3|4|11|1|6,1|4|11,1|4|11|6,0.128927|0.122839|0.109190|0.089092|0.089092
20250117,2025_0117_44_07,1|2|7,1|2|7|3|8,1|7,1|7|8,0.108143|0.099824|0.097678|0.073854|0.072095
20250117,2025_0117_44_08,5|6|3,5|6|3|2|4,4|3|5,4|3|5|6,0.267128|0.221335|0.158096|0.123498|0.117672
20250117,2025_0117_44_09,5|1|4,5|1|4|10|7,10|4,10|4|1|5,0.178057|0.139349|0.126514|0.116124|0.093480
20250117,2025_0117_44_10,5|3|7,5|3|7|4|1,5,5|7|1,0.222710|0.121888|0.109615|0.107378|0.092307
20250117,2025_0117_44_11,11|4|10,11|4|10|5|7,5,5|7,0.129563|0.103650|0.082920|0.078722|0.076778
20250117,2025_0117_44_12,3|12|14,3|12|14|8|9,12|8,12|8,0.262313|0.174875|0.075933|0.068429|0.064240
20250117,2025_0117_48_01,1|3|4,1|3|4|5|7,,1,0.135591|0.135591|0.135591|0.135591|0.135591
20250117,2025_0117_48_02,8|9|7,8|9|7|4|10,8|7,8|7,0.285398|0.285398|0.067152|0.051891|0.049831
20250117,2025_0117_48_03,5|1|6,5|1|6|10|9,5|1|10,5|1|10|9|6,0.166033|0.154965|0.125051|0.102813|0.083017
20250117,2025_0117_48_04,7|6|3,7|6|3|5|4,3,3|7|4,0.157511|0.140010|0.130209|0.116258|0.089800
20250117,2025_0117_48_05,5|4|9,5|4|9|8|1,5,5|1,0.266594|0.107250|0.103472|0.094250|0.090678
20250117,2025_0117_48_06,4|8|10,4|8|10|3|2,8|4,8|4|10,0.175000|0.130952|0.130263|0.089630|0.087195
20250117,2025_0117_48_07,10|4|6,10|4|6|1|9,10|1,10|1|6|9,0.236580|0.114140|0.101006|0.093780|0.092003
20250117,2025_0117_48_08,1|9|4,1|9|4|7|11,11,11|1,0.150857|0.139253|0.105921|0.099345|0.094724
20250117,2025_0117_48_09,4|1|3,4|1|3|6|8,6,6|8|4,0.127806|0.114765|0.112049|0.092950|0.092549
20250117,2025_0117_48_10,4|3|2,4|3|2|5|1,1|5|4,1|5|4|3|2,0.213102|0.207275|0.204716|0.203638|0.171269
20250117,2025_0117_48_11,3|9|1,3|9|1|12|7,3|1,3|1|7,0.148904|0.148904|0.093065|0.086861|0.085525
20250117,2025_0117_48_12,7|6|3,7|6|3|5|8,7|5|6,7|5|6|8,0.248154|0.118797|0.116322|0.087314|0.083562
20250118,2025_0118_55_01,1|3|6,1|3|6|2|9,2|1,2|1|6,0.440090|0.078238|0.074732|0.068392|0.066014
20250118,2025_0118_55_02,11|9|2,11|9|2|6|3,11|2,11|2|6,0.128622|0.102897|0.100486|0.097160|0.093698
20250118,2025_0118_55_03,6|12|10,6|12|10|8|11,6|8,6|8|11,0.123874|0.114345|0.086929|0.085430|0.084756
20250118,2025_0118_55_04,9|10|2,9|10|2|8|5,5|10|9,5|10|9,0.129459|0.128486|0.107701|0.101718|0.097649
20250118,2025_0118_55_05,5|3|11,5|3|11|12|7,5|3,5|3|7,0.188654|0.132058|0.092440|0.089912|0.073140
20250118,2025_0118_55_06,4|10|3,4|10|3|8|2,4|3,4|3|2,0.149969|0.105860|0.088217|0.088217|0.084358
20250118,2025_0118_55_07,2|3|4,2|3|4|5|6,3,3|5,0.117073|0.117073|0.117073|0.117073|0.117073
20250118,2025_0118_55_08,6|7|9,6|7|9|1|2,2|6,2|6|1|9,0.317222|0.091006|0.086355|0.080747|0.076812
20250118,2025_0118_55_09,8|10|1,8|10|1|5|3,1,1|8,0.140926|0.128343|0.108897|0.097501|0.097124
20250118,2025_0118_55_10,10|1|2,10|1|2|5|3,10|2|3,10|2|3|5,0.142378|0.114377|0.109868|0.108187|0.102177
20250118,2025_0118_55_11,9|1|10,9|1|10|3|4,,10,0.127579|0.118467|0.102686|0.094212|0.083003
20250118,2025_0118_55_12,9|7|1,9|7|1|10|4,10|4,10|4|9,0.398015|0.079603|0.067135|0.066336|0.060078
20250119,2025_0119_54_01,3|5|8,3|5|8|7|1,8|3,8|3|5|7,0.408787|0.136262|0.099100|0.078889|0.074325
20250119,2025_0119_54_02,1|4|2,1|4|2|5|3,4|5|2,4|5|2|1|3,0.339134|0.254351|0.203481|0.127175|0.075859
20250119,2025_0119_54_03,2|3|5,2|3|5|6|4,6|3|2,6|3|2|4|5,0.220118|0.188672|0.165088|0.154551|0.137054
20250119,2025_0119_54_04,12|3|8,12|3|8|6|9,3,3|6,0.182383|0.156328|0.087544|0.080632|0.080632
20250119,2025_0119_54_05,4|8|7,4|8|7|2|3,2|7|4,2|7|4|3,0.256947|0.256947|0.154168|0.116794|0.083130
20250119,2025_0119_54_06,1|7|2,1|7|2|8|5,2|1,2|1|5|7,0.213023|0.102567|0.098718|0.090954|0.086948
20250119,2025_0119_54_07,6|2|5,6|2|5|1|3,6|1|2,6|1|2,0.354032|0.105456|0.104600|0.104127|0.093840
20250119,2025_0119_54_08,2|8|6,2|8|6|7|5,2|7|8,2|7|8|5,0.178995|0.131831|0.121423|0.121423|0.120158
20250119,2025_0119_54_09,3|5|8,3|5|8|9|7,8|5,8|5|3,0.115341|0.115341|0.104856|0.092273|0.086506
20250119,2025_0119_55_01,5|8|7,5|8|7|4|6,7|5,7|5|8,0.199527|0.140843|0.119716|0.112234|0.106889
20250119,2025_0119_55_02,3|8|9,3|8|9|7|6,6|8|3,6|8|3,0.138542|0.129306|0.128210|0.102684|0.096980
20250119,2025_0119_55_03,2|8|1,2|8|1|3|10,3|8|2,3|8|2,0.118054|0.112036|0.101354|0.101002|0.094897
20250119,2025_0119_55_04,12|7|2,12|7|2|8|10,2|10,2|10|8,0.119178|0.106048|0.104281|0.101737|0.101737
20250119,2025_0119_55_05,6|8|5,6|8|5|3|4,8|5|3,8|5|3|4,0.386782|0.138136|0.128927|0.089858|0.080024
20250119,2025_0119_55_06,9|12|5,9|12|5|3|10,12|10,12|10|5|9,0.112344|0.105041|0.094632|0.087953|0.086520
20250119,2025_0119_55_07,8|9|1,8|9|1|5|7,7|5|8,7|5|8|1,0.166768|0.129709|0.126889|0.106819|0.102066
20250119,2025_0119_55_08,7|9|12,7|9|12|3|1,12|3,12|3|9,0.263478|0.098804|0.097863|0.096271|0.083834
20250119,2025_0119_55_09,6|7|1,6|7|1|3|9,6|7,6|7|3|1,0.324273|0.110343|0.096299|0.096183|0.091318
20250119,2025_0119_55_10,10|1|3,10|1|3|5|4,10|1|4,10|1|4|3,0.147234|0.115358|0.114963|0.103905|0.099711
20250119,2025_0119_55_11,1|8|9,1|8|9|2|4,1,1|2,0.189831|0.111121|0.098855|0.096935|0.092806
20250119,2025_0119_55_12,4|9|10,4|9|10|3|7,9|4,9|4|3,0.246561|0.246561|0.246561|0.049312|0.041093
20250120,2025_0120_43_01,9|4|2,9|4|2|10|11,10|11|9,10|11|9|2,0.207124|0.109839|0.101745|0.087871|0.076309
20250120,2025_0120_43_02,5|2|12,5|2|12|1|7,2|5,2|5,0.160013|0.100008|0.096008|0.091436|0.087280
20250120,2025_0120_43_03,4|12|10,4|12|10|6|7,6|7|4,6|7|4,0.140469|0.117057|0.095774|0.087793|0.087793
20250120,2025_0120_43_04,9|4|6,9|4|6|5|10,5|9,5|9,0.278280|0.111312|0.079509|0.069570|0.069570
20250120,2025_0120_43_05,7|4|1,7|4|1|2|9,,1|7,0.182034|0.101130|0.099291|0.095218|0.080904
20250120,2025_0120_43_06,2|10|5,2|10|5|8|7,2|5,2|5|10,0.315980|0.082430|0.076601|0.070823|0.069362
20250120,2025_0120_43_07,9|10|5,9|10|5|11|2,9,9|2|5,0.237063|0.237063|0.081746|0.067732|0.062385
20250120,2025_0120_43_08,2|4|3,2|4|3|1|8,3|2,3|2,0.171282|0.152931|0.104440|0.101954|0.093996
20250120,2025_0120_43_09,1|9|6,1|9|6|5|4,6|1,6|1,0.248088|0.248088|0.165392|0.082696|0.062022
20250120,2025_0120_43_10,7|1|9,7|1|9|13|2,2|7|1,2|7|1|9,0.177566|0.121265|0.100165|0.086618|0.076945
20250120,2025_0120_43_11,1|12|7,1|12|7|8|13,1|7,1|7,0.213806|0.213806|0.083995|0.061087|0.058981
20250120,2025_0120_43_12,6|2|9,6|2|9|5|11,6,6|2,0.218441|0.122634|0.079433|0.077272|0.072814
20250120,2025_0120_48_01,6|9|1,6|9|1|2|7,6,6|2,0.399569|0.066595|0.063090|0.061472|0.057081
20250120,2025_0120_48_02,3|7|4,3|7|4|10|6,3,3|7,0.139110|0.095938|0.092740|0.089030|0.086944
20250120,2025_0120_48_03,2|9|4,2|9|4|7|8,4|8,4|8|9,0.276344|0.142120|0.130044|0.098694|0.083741
20250120,2025_0120_48_04,8|4|6,8|4|6|1|7,4|8|6,4|8|6|7,0.166962|0.162051|0.153049|0.146927|0.090438
20250120,2025_0120_48_05,5|6|8,5|6|8|2|4,6|5|8,6|5|8|4,0.219963|0.152282|0.137928|0.115831|0.092273
20250120,2025_0120_48_06,5|2|9,5|2|9|4|10,5|9,5|9|4|2,0.269579|0.096677|0.096406|0.087613|0.082947
20250120,2025_0120_48_07,10|6|5,10|6|5|9|2,2|6,2|6|10|9,0.161419|0.112528|0.110703|0.104490|0.099599
20250120,2025_0120_48_08,3|5|4,3|5|4|8|6,4|8,4|8|5,0.138517|0.115431|0.108217|0.103592|0.099064
20250120,2025_0120_48_09,1|3|9,1|3|9|2|5,9|3|5,9|3|5|1,0.248248|0.124124|0.107363|0.097969|0.095529
20250120,2025_0120_48_10,8|4|2,8|4|2|9|5,9|5|8,9|5|8,0.146825|0.141319|0.130649|0.102777|0.093434
20250120,2025_0120_48_11,4|2|3,4|2|3|1|8,8|4,8|4|3,0.308500|0.123400|0.115688|0.092550|0.088143
20250120,2025_0120_48_12,5|7|3,5|7|3|1|4,4|7,4|7|3|1,0.194154|0.170106|0.156816|0.136033|0.134414
20250121,2025_0121_43_01,3|2|12,3|2|12|4|8,3|2,3|2|4,0.169314|0.158026|0.082092|0.078834|0.077086
20250121,2025_0121_43_02,1|4|10,1|4|10|2|8,4|10,4|10|1,0.149673|0.112255|0.099782|0.089804|0.089804
20250121,2025_0121_43_03,6|11|7,6|11|7|2|3,7,7|2,0.112476|0.092793|0.090973|0.086607|0.082483
20250121,2025_0121_43_04,10|9|1,10|9|1|3|12,9|10,9|10|1,0.244138|0.112679|0.105793|0.087192|0.073241
20250121,2025_0121_43_05,2|3|7,2|3|7|12|6,2|7|3,2|7|3|6,0.257742|0.100856|0.077323|0.077323|0.072168
20250121,2025_0121_43_06,4|3|6,4|3|6|8|2,2|4|6,2|4|6|8,0.233354|0.161553|0.150013|0.111374|0.107702
20250121,2025_0121_43_07,7|4|10,7|4|10|14|12,4|10,4|10|7,0.151160|0.131444|0.082666|0.076861|0.072474
20250121,2025_0121_43_08,5|4|14,5|4|14|13|10,5,5,0.167159|0.093131|0.087191|0.082002|0.081490
20250121,2025_0121_43_09,11|12|9,11|12|9|6|8,8,8,0.118358|0.101919|0.098831|0.097066|0.090595
20250121,2025_0121_43_10,3|6|8,3|6|8|7|4,8|7|6,8|7|6|4,0.120018|0.114018|0.110340|0.100015|0.092697
20250121,2025_0121_43_11,11|4|13,11|4|13|10|3,10|4,10|4|3,0.206890|0.101648|0.087531|0.082924|0.077805
20250121,2025_0121_43_12,4|14|13,4|14|13|8|5,13|14,13|14|8,0.113635|0.104955|0.092532|0.092054|0.075523
20250121,2025_0121_47_01,6|7|3,6|7|3|2|1,6|3,6|3|7,0.487807|0.121952|0.107080|0.078290|0.073910
20250121,2025_0121_47_02,3|7|6,3|7|6|2|1,3|6|7,3|6|7,0.471648|0.094330|0.083626|0.078608|0.074192
20250121,2025_0121_47_03,3|4|2,3|4|2|1|5,4|3,4|3|5,0.246434|0.246434|0.112409|0.086412|0.086252
20250121,2025_0121_47_04,6|7|2,6|7|2|5|1,6|5,6|5|7,0.171978|0.150481|0.127330|0.122614|0.120385
20250121,2025_0121_47_05,2|4|3,2|4|3|7|6,4|2|7,4|2|7|3|6,0.306340|0.306340|0.122536|0.064118|0.061268
20250121,2025_0121_47_06,5|10|2,5|10|2|6|3,5|10,5|10|2,0.371745|0.102550|0.092936|0.074349|0.065955
20250121,2025_0121_47_07,3|8|5,3|8|5|7|2,5|2,5|2|3|7,0.149437|0.121088|0.117738|0.116229|0.104072
20250121,2025_0121_47_08,7|6|1,7|6|1|2|3,6|7,6|7|2,0.362678|0.113985|0.094028|0.085576|0.075037
20250121,2025_0121_47_09,9|4|1,9|4|1|6|3,9|4,9|4|1,0.205178|0.161656|0.151184|0.112647|0.089532
20250121,2025_0121_47_10,6|5|9,6|5|9|7|2,5|9,5|9|6|7,0.125557|0.125454|0.113838|0.113591|0.109772
20250121,2025_0121_51_01,3|4|7,3|4|7|10|5,3,3|10,0.142221|0.114971|0.114073|0.108605|0.095956
20250121,2025_0121_51_02,8|4|9,8|4|9|2|1,8|9,8|9|2,0.204419|0.102654|0.101188|0.097162|0.094347
20250121,2025_0121_51_03,5|8|4,5|8|4|7|2,5|4,5|4|8,0.180392|0.149864|0.107046|0.096562|0.091971
20250121,2025_0121_51_04,9|6|7,9|6|7|4|8,6|9,6|9,0.158829|0.137652|0.112559|0.106966|0.097062
20250121,2025_0121_51_05,8|5|6,8|5|6|4|2,5|8,5|8|2|4,0.135505|0.115323|0.112142|0.110167|0.108404
20250121,2025_0121_51_06,10|1|5,10|1|5|7|6,10|5|7,10|5|7,0.163678|0.150038|0.108410|0.101800|0.099450
20250121,2025_0121_51_07,1|2|9,1|2|9|5|3,5|2|9,5|2|9|3,0.137838|0.136149|0.128926|0.127172|0.104730
20250121,2025_0121_51_08,3|4|5,3|4|5|1|10,10,10|5,0.264239|0.264239|0.105696|0.088080|0.079272
20250121,2025_0121_51_09,4|2|3,4|2|3|5|1,4|5|3,4|5|3|1|2,0.354956|0.182549|0.174309|0.144880|0.143305
20250121,2025_0121_51_10,7|10|12,7|10|12|5|6,10|5,10|5|12,0.154674|0.108755|0.103116|0.096671|0.085071
20250121,2025_0121_51_11,6|9|2,6|9|2|3|1,9|1|2,9|1|2,0.257963|0.257963|0.079373|0.075872|0.073704
20250121,2025_0121_51_12,7|3|8,7|3|8|2|5,3,3|5,0.298838|0.112064|0.073485|0.070315|0.065371
20250121,2025_0121_54_01,9|6|12,9|6|12|3|2,6,6|3|2,0.153108|0.110238|0.093106|0.090731|0.089313
20250121,2025_0121_54_02,2|4|5,2|4|5|6|10,,4,0.134618|0.134618|0.134618|0.134618|0.134618
20250121,2025_0121_54_03,8|7|4,8|7|4|12|9,9,9|8|7,0.112105|0.102954|0.097577|0.097282|0.091723
20250121,2025_0121_54_04,10|12|5,10|12|5|1|4,10|12,10|12|5,0.142463|0.121569|0.112564|0.106373|0.084423
20250121,2025_0121_54_05,9|7|8,9|7|8|3|2,3|8,3|8|2|9,0.287550|0.172530|0.123236|0.107831|0.084161
20250121,2025_0121_54_06,6|10|2,6|10|2|11|12,6|2|10,6|2|10,0.162653|0.137156|0.114814|0.113857|0.104098
20250121,2025_0121_54_07,6|5|3,6|5|3|8|11,6|11,6|11|8,0.158708|0.105587|0.103701|0.094812|0.086568
20250121,2025_0121_54_08,4|5|8,4|5|8|3|1,4|8|5,4|8|5,0.164152|0.147170|0.134361|0.111338|0.100771
20250121,2025_0121_54_09,7|6|8,7|6|8|9|1,7|1,7|1,0.389143|0.105393|0.095124|0.087121|0.074835
20250121,2025_0121_54_10,3|1|9,3|1|9|11|2,,11,0.113534|0.096067|0.096067|0.093471|0.088678
20250122,2025_0122_43_01,9|8|5,9|8|5|7|2,8,8|2,0.172051|0.140190|0.105142|0.093460|0.080108
20250122,2025_0122_43_02,8|4|2,8|4|2|7|9,4|2|8,4|2|8|7,0.253937|0.190453|0.117202|0.095226|0.081623
20250122,2025_0122_43_03,11|1|10,11|1|10|12|9,11|9,11|9|10,0.180137|0.093671|0.090487|0.081061|0.075657
20250122,2025_0122_43_04,4|1|8,4|1|8|6|12,6|1|12,6|1|12,0.325644|0.084951|0.072365|0.069781|0.066799
20250122,2025_0122_43_05,9|8|5,9|8|5|3|10,9|3,9|3|8|10,0.126564|0.125509|0.107579|0.096602|0.095626
20250122,2025_0122_43_06,5|10|8,5|10|8|4|1,5|10,5|10|1,0.195074|0.143739|0.117044|0.101778|0.071369
20250122,2025_0122_43_07,13|11|12,13|11|12|4|2,11|4,11|4|12,0.223504|0.149003|0.134103|0.092485|0.057679
20250122,2025_0122_43_08,14|7|3,14|7|3|10|5,5|10,5|10|3,0.113374|0.099769|0.087008|0.086339|0.081842
20250122,2025_0122_43_09,2|4|9,2|4|9|10|3,2|10,2|10|3|4,0.139871|0.123976|0.123976|0.114440|0.103622
20250122,2025_0122_43_10,5|2|4,5|2|4|9|7,4|2,4|2|7|5,0.207462|0.115257|0.108053|0.089767|0.079793
20250122,2025_0122_43_11,4|7|9,4|7|9|8|10,9|7,9|7|4,0.170703|0.170703|0.170703|0.099577|0.085351
20250122,2025_0122_43_12,7|9|1,7|9|1|6|11,1|7,1|7|6,0.098825|0.097913|0.095966|0.094451|0.084450
20250122,2025_0122_47_01,6|4|1,6|4|1|8|2,4|6,4|6|8,0.148544|0.137403|0.130860|0.127011|0.118081
20250122,2025_0122_47_02,4|8|10,4|8|10|3|6,4|3,4|3|8,0.233487|0.152828|0.123611|0.084055|0.080347
20250122,2025_0122_47_03,8|5|6,8|5|6|2|3,2|6|8,2|6|8|3,0.159280|0.145478|0.130355|0.120513|0.119517
20250122,2025_0122_47_04,5|2|3,5|2|3|8|6,2|5|6,2|5|6|3,0.192142|0.137244|0.131862|0.117160|0.116450
20250122,2025_0122_47_05,2|6|1,2|6|1|4|8,6,6|4|1,0.209646|0.143507|0.127447|0.123840|0.109392
20250122,2025_0122_47_06,2|6|8,2|6|8|3|10,3|10,3|10|8,0.132730|0.127420|0.126409|0.117982|0.101127
20250122,2025_0122_47_07,1|5|3,1|5|3|6|2,1|3|5,1|3|5|6,0.172887|0.158068|0.137850|0.121591|0.108353
20250122,2025_0122_47_08,4|7|9,4|7|9|5|1,9|4,9|4|7|1,0.340452|0.145908|0.113484|0.088814|0.075656
20250122,2025_0122_47_09,1|2|4,1|2|4|7|8,4|1,4|1|8,0.175515|0.175515|0.175515|0.175515|0.175515
20250122,2025_0122_47_10,7|3|6,7|3|6|2|4,6|7,6|7|2,0.147836|0.134220|0.127509|0.115917|0.115917
20250122,2025_0122_47_11,9|7|6,9|7|6|2|10,9|7|6,9|7|6,0.344457|0.129171|0.088117|0.074882|0.068174
20250122,2025_0122_51_01,1|4|9,1|4|9|5|6,9|6,9|6,0.417190|0.088495|0.077531|0.066175|0.065872
20250122,2025_0122_51_02,1|5|7,1|5|7|8|3,8|7,8|7,0.171086|0.157926|0.157926|0.127744|0.107771
20250122,2025_0122_51_03,3|9|10,3|9|10|6|7,9|3|7,9|3|7|6,0.135388|0.130553|0.109352|0.106157|0.100658
20250122,2025_0122_51_04,10|5|8,10|5|8|9|3,8|9,8|9,0.294699|0.093063|0.088410|0.084200|0.083158
20250122,2025_0122_51_05,8|9|7,8|9|7|6|3,6,6|3|8,0.278135|0.278135|0.086917|0.073470|0.052978
20250122,2025_0122_51_06,10|8|1,10|8|1|6|2,10,10|6,0.182759|0.110977|0.109656|0.098409|0.090973
20250122,2025_0122_51_07,8|11|9,8|11|9|10|1,11|10,11|10|9,0.383358|0.095840|0.071880|0.057865|0.054765
20250122,2025_0122_51_08,7|4|11,7|4|11|8|10,7|10,7|10|11,0.200557|0.120334|0.084445|0.084105|0.082582
20250122,2025_0122_51_09,7|1|5,7|1|5|3|8,3|1,3|1|5|7,0.325650|0.130260|0.119976|0.116303|0.108550
20250122,2025_0122_51_10,9|11|1,9|11|1|4|12,9|1,9|1|11|12,0.166856|0.108819|0.104285|0.091567|0.081510
20250122,2025_0122_51_11,2|8|4,2|8|4|9|6,8|9,8|9|4,0.259993|0.259993|0.129997|0.092256|0.055150
20250122,2025_0122_51_12,11|4|1,11|4|1|3|12,11|12,11|12|4|3,0.156175|0.109323|0.097609|0.096461|0.091102
20250122,2025_0122_54_01,5|6|2,5|6|2|7|10,6|7|2,6|7|2|5,0.289189|0.289189|0.057838|0.053554|0.045661
20250122,2025_0122_54_02,9|3|1,9|3|1|5|2,1|3,1|3|2,0.286574|0.156313|0.111445|0.102348|0.083041
20250122,2025_0122_54_03,7|8|9,7|8|9|10|11,7|10|9,7|10|9|8,0.344807|0.123145|0.102165|0.055614|0.053363
20250122,2025_0122_54_04,3|6|1,3|6|1|5|2,,2|1,0.123400|0.098720|0.092913|0.091669|0.089746
20250122,2025_0122_54_05,7|10|3,7|10|3|9|6,3|9|10,3|9|10|7,0.146663|0.131460|0.121330|0.088844|0.087805
20250122,2025_0122_54_06,10|2|7,10|2|7|9|1,10,10,0.142459|0.137546|0.133365|0.122107|0.104850
20250122,2025_0122_54_07,8|3|1,8|3|1|4|2,3|8|1,3|8|1|2,0.433831|0.190886|0.068500|0.066018|0.065238
20250122,2025_0122_54_08,5|3|6,5|3|6|7|4,5|7,5|7|4,0.170956|0.169098|0.154744|0.141713|0.133559
20250122,2025_0122_54_09,2|7|4,2|7|4|1|3,4,4|7|1,0.133635|0.102315|0.099633|0.098468|0.098468
20250123,2025_0123_43_01,1|2|4,1|2|4|9|10,10|4|1,10|4|1,0.184908|0.123272|0.123272|0.085342|0.080897
20250123,2025_0123_43_02,2|6|7,2|6|7|1|9,6|2,6|2,0.257989|0.165543|0.078830|0.064497|0.062234
20250123,2025_0123_43_03,9|3|11,9|3|11|6|10,9,9|3,0.148875|0.115792|0.093524|0.092634|0.082709
20250123,2025_0123_43_04,8|9|10,8|9|10|6|7,8|9,8|9|10|7,0.255187|0.131239|0.071326|0.069405|0.065620
20250123,2025_0123_43_05,2|1|9,2|1|9|11|5,2|1|9,2|1|9,0.154715|0.124632|0.124632|0.078715|0.075669
20250123,2025_0123_43_06,8|3|6,8|3|6|4|7,8|6|4,8|6|4,0.252266|0.094600|0.094600|0.084089|0.084089
20250123,2025_0123_43_07,4|2|10,4|2|10|7|6,6|7,6|7|2,0.207979|0.110922|0.110922|0.100838|0.092435
20250123,2025_0123_43_08,11|5|6,11|5|6|1|8,11,11|1|6,0.162468|0.119144|0.102123|0.097481|0.089358
20250123,2025_0123_43_09,11|9|10,11|9|10|2|4,4|9,4|9|10|2,0.259425|0.136540|0.129713|0.086475|0.068671
20250123,2025_0123_43_10,12|2|1,12|2|1|10|4,4,4,0.103973|0.099814|0.093810|0.085555|0.081018
20250123,2025_0123_43_11,1|5|10,1|5|10|6|3,1|10|5,1|10|5|6,0.188615|0.188615|0.134725|0.083829|0.065605
20250123,2025_0123_43_12,4|7|12,4|7|12|1|2,4,4|1|2,0.102999|0.101727|0.098253|0.083442|0.073244
20250123,2025_0123_47_01,1|6|9,1|6|9|2|7,6|9,6|9|1,0.314692|0.314692|0.094408|0.078673|0.044532
20250123,2025_0123_47_02,7|8|6,7|8|6|2|1,8|2,8|2|7|6,0.444543|0.098787|0.090723|0.088909|0.074090
20250123,2025_0123_47_03,8|6|1,8|6|1|2|5,1|8,1|8|2|5,0.204016|0.153012|0.137711|0.136011|0.108008
20250123,2025_0123_47_04,8|3|4,8|3|4|5|1,3|4|8,3|4|8,0.197007|0.175117|0.115634|0.108555|0.106887
20250123,2025_0123_47_05,9|3|1,9|3|1|4|8,9,9|3|1,0.369088|0.172241|0.111585|0.074696|0.064895
20250123,2025_0123_47_06,2|5|9,2|5|9|7|8,9|7|8,9|7|8|2,0.129640|0.121409|0.119928|0.114777|0.113596
20250123,2025_0123_47_07,3|6|7,3|6|7|1|8,3|6,3|6|1|7,0.206856|0.136418|0.123201|0.116357|0.089038
20250123,2025_0123_47_08,1|7|4,1|7|4|9|5,5|1|9,5|1|9|7,0.210508|0.165855|0.112850|0.096021|0.092909
20250123,2025_0123_47_09,8|2|4,8|2|4|6|3,8,8|6|2,0.317295|0.103121|0.103121|0.093000|0.079324
20250123,2025_0123_47_10,11|3|8,11|3|8|4|10,3|4,3|4|8|11,0.249830|0.124915|0.120288|0.108900|0.101282
20250123,2025_0123_47_11,4|7|3,4|7|3|2|8,3|8|4,3|8|4,0.294185|0.147093|0.088256|0.078449|0.073546
20250123,2025_0123_51_01,3|6|5,3|6|5|4|8,6|3,6|3|5|8,0.183327|0.156410|0.155880|0.093146|0.090759
20250123,2025_0123_51_02,2|5|6,2|5|6|1|3,6,6|1|5,0.197418|0.164515|0.150210|0.138539|0.121863
20250123,2025_0123_51_03,3|7|1,3|7|1|9|5,3|7,3|7|1,0.257336|0.183811|0.096270|0.091567|0.086682
20250123,2025_0123_51_04,4|8|3,4|8|3|10|5,8|4|5,8|4|5|3,0.369622|0.079205|0.077815|0.073924|0.073287
20250123,2025_0123_51_05,6|4|2,6|4|2|12|7,4|6|2,4|6|2,0.195764|0.139831|0.103034|0.082823|0.073143
20250123,2025_0123_51_06,5|7|3,5|7|3|4|2,5|2,5|2,0.373319|0.090807|0.084298|0.081156|0.074664
20250123,2025_0123_51_07,10|2|4,10|2|4|5|6,10|6,10|6|4,0.221764|0.131042|0.110882|0.089828|0.088705
20250123,2025_0123_51_08,2|10|5,2|10|5|4|3,10|4,10|4|5,0.245435|0.245435|0.130899|0.098174|0.062474
20250123,2025_0123_51_09,6|7|1,6|7|1|3|4,3|6|1,3|6|1|7,0.203968|0.159975|0.135979|0.135979|0.126266
20250123,2025_0123_51_10,10|8|3,10|8|3|4|6,10|3,10|3|8|6,0.220917|0.121148|0.111494|0.104586|0.096572
20250123,2025_0123_51_11,3|8|9,3|8|9|5|6,6,6,0.199804|0.099902|0.099902|0.092217|0.090820
20250123,2025_0123_51_12,3|4|7,3|4|7|5|6,3,3|4|7,0.253567|0.126784|0.084522|0.078021|0.070435
20250123,2025_0123_55_01,2|12|6,2|12|6|11|8,2|12,2|12|6,0.264708|0.099266|0.079412|0.069486|0.066177
20250123,2025_0123_55_02,1|8|5,1|8|5|3|2,2|5,2|5|8,0.115890|0.109791|0.096851|0.096067|0.084114
20250123,2025_0123_55_03,12|1|7,12|1|7|11|2,12,12|2,0.206640|0.172200|0.085734|0.074818|0.068880
20250123,2025_0123_55_04,2|5|6,2|5|6|7|8,6,6|8|5,0.161241|0.161241|0.161241|0.161241|0.161241
20250123,2025_0123_55_05,1|3|5,1|3|5|7|10,7,7|10,0.165171|0.165171|0.165171|0.165171|0.165171
20250123,2025_0123_55_06,4|2|6,4|2|6|1|3,2,2|3,0.221622|0.106854|0.097775|0.083108|0.083108
20250123,2025_0123_55_07,7|6|3,7|6|3|4|8,7|8|6,7|8|6|3,0.129960|0.111395|0.108300|0.091737|0.082850
20250123,2025_0123_55_08,2|11|6,2|11|6|1|5,5|1,5|1|6,0.324122|0.075301|0.075243|0.070601|0.070291
20250123,2025_0123_55_09,3|4|2,3|4|2|8|1,3|8,3|8|1|2,0.150661|0.140617|0.127834|0.120529|0.107936
20250123,2025_0123_55_10,9|8|3,9|8|3|4|10,8,8|10|9,0.177066|0.151771|0.084031|0.080319|0.080270
20250123,2025_0123_55_11,10|3|7,10|3|7|4|6,10|3|7,10|3|7,0.173768|0.156392|0.086884|0.082466|0.076781
20250123,2025_0123_55_12,3|7|9,3|7|9|1|5,7|9,7|9|1,0.231433|0.231433|0.108910|0.077144|0.077144
20250124,2025_0124_43_01,10|2|5,10|2|5|6|9,2|9,2|9|5,0.135518|0.116158|0.108414|0.108414|0.101638
20250124,2025_0124_43_02,1|2|3,1|2|3|4|5,4|5,4|5|3,0.125000|0.125000|0.125000|0.125000|0.125000
20250124,2025_0124_43_03,7|9|3,7|9|3|6|2,3|9|2,3|9|2|6,0.299122|0.199414|0.078716|0.062973|0.062082
20250124,2025_0124_43_04,4|6|10,4|6|10|1|9,4,4|10,0.120508|0.092495|0.091691|0.087871|0.087871
20250124,2025_0124_43_05,8|9|1,8|9|1|7|3,,8|3,0.163776|0.119836|0.109184|0.095869|0.087880
20250124,2025_0124_43_06,6|4|9,6|4|9|10|5,9|6|4,9|6|4,0.146211|0.117491|0.093993|0.090751|0.086762
20250124,2025_0124_43_07,4|9|3,4|9|3|12|10,9|12,9|12|4|3,0.177451|0.162663|0.119857|0.108442|0.087283
20250124,2025_0124_43_08,11|6|1,11|6|1|7|10,7|10|1,7|10|1,0.275900|0.116168|0.082770|0.078829|0.068975
20250124,2025_0124_43_09,4|9|11,4|9|11|7|1,11|7,11|7|1,0.206150|0.206150|0.206150|0.075950|0.053010
20250124,2025_0124_43_10,9|11|6,9|11|6|2|7,9|6,9|6|11,0.286190|0.143095|0.083472|0.079497|0.075597
20250124,2025_0124_43_11,6|12|4,6|12|4|9|14,12,12|4|14,0.242946|0.121473|0.071984|0.071455|0.066258
20250124,2025_0124_43_12,2|12|9,2|12|9|3|7,3|2|9,3|2|9|12,0.155003|0.103335|0.091178|0.083463|0.081192
20250124,2025_0124_47_01,10|9|4,10|9|4|6|3,4|3,4|3|9|10,0.151901|0.139243|0.111394|0.106654|0.088609
20250124,2025_0124_47_02,6|1|7,6|1|7|2|4,7|2|6,7|2|6|1,0.212110|0.166657|0.155547|0.118483|0.095885
20250124,2025_0124_47_03,8|6|1,8|6|1|5|7,7|6,7|6|8,0.138671|0.136194|0.127115|0.116061|0.100944
20250124,2025_0124_47_04,6|5|10,6|5|10|7|4,6|10,6|10|5,0.170666|0.133394|0.101801|0.092595|0.090666
20250124,2025_0124_47_05,4|3|5,4|3|5|7|9,3|4|9,3|4|9|5,0.193389|0.141013|0.112810|0.108298|0.103141
20250124,2025_0124_47_06,7|2|6,7|2|6|9|1,7|1,7|1|2|6,0.135480|0.130397|0.125059|0.111439|0.103174
20250124,2025_0124_47_07,2|1|7,2|1|7|5|8,2|8|1,2|8|1|5|7,0.270334|0.164551|0.129115|0.111862|0.110136
20250124,2025_0124_47_08,3|5|9,3|5|9|4|2,3,3|5|9,0.397851|0.099463|0.090937|0.086629|0.072581
20250124,2025_0124_47_09,5|1|8,5|1|8|2|7,1|7|8,1|7|8|5,0.189858|0.160626|0.154909|0.151359|0.090610
20250124,2025_0124_47_10,5|2|9,5|2|9|7|3,9|2,9|2|5|7,0.292087|0.125180|0.090408|0.089249|0.083453
20250124,2025_0124_47_11,6|2|10,6|2|10|8|1,6|10,6|10|2|8,0.179697|0.168466|0.141866|0.090396|0.088861
20250124,2025_0124_47_12,5|2|9,5|2|9|4|3,9|2,9|2|3|4,0.146517|0.130034|0.130034|0.112029|0.107833
20250125,2025_0125_55_01,9|2|8,9|2|8|3|4,4|8|2,4|8|2|3,0.158084|0.141147|0.112917|0.111153|0.102210
20250125,2025_0125_55_02,7|6|3,7|6|3|10|4,7|6,7|6|10,0.351916|0.117305|0.074088|0.065805|0.064239
20250125,2025_0125_55_03,5|4|7,5|4|7|9|2,5|7,5|7|4|9,0.155927|0.116642|0.097201|0.096229|0.085310
20250125,2025_0125_55_04,5|7|10,5|7|10|6|9,9,9|6,0.122464|0.116756|0.106491|0.100459|0.099835
20250125,2025_0125_55_05,5|7|6,5|7|6|3|2,7|3,7|3,0.344359|0.135284|0.133300|0.099334|0.093916
20250125,2025_0125_55_06,4|11|6,4|11|6|5|2,11|6,11|6|4,0.148694|0.130763|0.097801|0.095780|0.091564
20250125,2025_0125_55_07,11|4|8,11|4|8|1|3,11|3,11|3,0.197556|0.123472|0.097716|0.095785|0.085894
20250125,2025_0125_55_08,8|5|9,8|5|9|2|12,8|9|5,8|9|5,0.350839|0.079222|0.067284|0.064628|0.061913
20250125,2025_0125_55_09,2|10|8,2|10|8|1|7,10|1,10|1|7,0.226396|0.167453|0.116101|0.095571|0.080625
20250125,2025_0125_55_10,3|2|9,3|2|9|10|1,2|9|10,2|9|10|3,0.288786|0.144393|0.086636|0.083427|0.072196
20250125,2025_0125_55_11,4|2|8,4|2|8|5|9,9|4,9|4|5|2,0.162905|0.157918|0.147390|0.113114|0.097428
20250125,2025_0125_55_12,12|9|7,12|9|7|5|6,9|5,9|5|7|12,0.146912|0.130744|0.100981|0.099672|0.075277
20250126,2025_0126_54_01,1|3|6,1|3|6|7|2,6|2,6|2|3|1,0.328472|0.328472|0.082118|0.065694|0.057966
20250126,2025_0126_54_02,8|4|2,8|4|2|1|7,8|4,8|4|2,0.301968|0.158930|0.105449|0.087412|0.087412
20250126,2025_0126_54_03,5|8|6,5|8|6|2|7,6|8,6|8,0.286059|0.286059|0.111245|0.071515|0.061298
20250126,2025_0126_54_04,6|4|1,6|4|1|11|2,6|4|11,6|4|11|1,0.150466|0.146286|0.133747|0.125388|0.083592
20250126,2025_0126_54_05,2|5|6,2|5|6|4|3,2|6|5,2|6|5|3|4,0.252864|0.200887|0.100809|0.098204|0.092943
20250126,2025_0126_54_06,10|5|4,10|5|4|1|7,10|5|1,10|5|1,0.219645|0.167729|0.102501|0.092251|0.085417
20250126,2025_0126_54_07,10|3|9,10|3|9|7|6,10|3|9,10|3|9|6,0.263083|0.175389|0.079421|0.077171|0.071518
20250126,2025_0126_54_08,8|10|1,8|10|1|9|5,8|1|9,8|1|9|5,0.129624|0.129453|0.127227|0.106986|0.093113
20250126,2025_0126_54_09,1|9|8,1|9|8|2|7,1,1|8,0.229505|0.229505|0.094502|0.091802|0.084817
20250126,2025_0126_54_10,5|2|6,5|2|6|3|1,2|5|6,2|5|6|1,0.263785|0.217353|0.208830|0.127855|0.100814
20250126,2025_0126_54_11,9|6|8,9|6|8|12|7,7|12,7|12|8,0.133575|0.124245|0.092451|0.087778|0.082026
20250126,2025_0126_55_01,7|11|9,7|11|9|1|5,11|7,11|7,0.252664|0.135356|0.090959|0.081829|0.070660
20250126,2025_0126_55_02,3|2|6,3|2|6|10|5,10|2,10|2|5,0.137364|0.122101|0.112254|0.103586|0.098487
20250126,2025_0126_55_03,4|9|11,4|9|11|6|8,8|4,8|4|6,0.234760|0.234760|0.088035|0.078253|0.058690
20250126,2025_0126_55_04,4|1|5,4|1|5|12|3,12|3,12|3|4|1,0.142954|0.099446|0.095055|0.084871|0.083173
20250126,2025_0126_55_05,5|4|1,5|4|1|10|7,4,4|1,0.230465|0.158162|0.122915|0.081254|0.067958
20250126,2025_0126_55_06,4|7|2,4|7|2|8|1,4,4|2|7,0.177988|0.147245|0.129575|0.121201|0.115692
20250126,2025_0126_55_07,10|7|9,10|7|9|6|3,10,10|9|3,0.312688|0.091201|0.089339|0.081571|0.079990
20250126,2025_0126_55_08,2|5|7,2|5|7|3|6,3,3|7|2,0.187712|0.133484|0.099250|0.098796|0.090620
20250126,2025_0126_55_09,4|1|11,4|1|11|10|6,10|4,10|4|1,0.207011|0.141950|0.134940|0.077629|0.071439
20250126,2025_0126_55_10,10|1|4,10|1|4|2|8,10|1|8,10|1|8|2|4,0.237359|0.150704|0.121101|0.102514|0.088808
20250126,2025_0126_55_11,8|4|9,8|4|9|1|6,8|4,8|4|9|6,0.187269|0.165661|0.124246|0.105482|0.098598
20250127,2025_0127_44_01,11|5|6,11|5|6|8|2,2|8,2|8|5|11,0.425019|0.070837|0.070837|0.053127|0.049489
20250127,2025_0127_44_02,1|2|3,1|2|3|4|5,3|1,3|1|4|5,0.071429|0.071429|0.071429|0.071429|0.071429
20250127,2025_0127_44_03,14|6|7,14|6|7|11|9,14,14|7,0.291310|0.145655|0.081931|0.074908|0.055113
20250127,2025_0127_44_04,1|11|10,1|11|10|4|7,1,1|10|7,0.111347|0.105208|0.097115|0.087866|0.079534
20250127,2025_0127_44_05,2|8|10,2|8|10|4|9,8|10,8|10|9,0.396527|0.079305|0.079305|0.066088|0.066088
20250127,2025_0127_44_06,11|3|2,11|3|2|1|10,3|10,3|10,0.443730|0.073955|0.059164|0.053785|0.052204
20250127,2025_0127_44_07,9|8|7,9|8|7|1|6,8|1,8|1|6|9,0.310532|0.207021|0.147872|0.095548|0.062106
20250127,2025_0127_44_08,3|9|4,3|9|4|11|8,3|9|4,3|9|4,0.149571|0.118082|0.096153|0.077364|0.071424
20250127,2025_0127_44_09,14|1|2,14|1|2|10|3,1|2,1|2|3,0.126884|0.105969|0.104313|0.076360|0.074178
20250127,2025_0127_44_10,6|14|2,6|14|2|15|3,6,6,0.117079|0.100133|0.087809|0.084977|0.075884
20250127,2025_0127_44_11,1|3|13,1|3|13|6|2,3,3|13,0.199633|0.199633|0.061425|0.055897|0.055454
20250127,2025_0127_44_12,1|3|13,1|3|13|4|5,13|3|1,13|3|1,0.268361|0.104362|0.086369|0.079514|0.064459
20250127,2025_0127_48_01,8|10|4,8|10|4|2|5,5,5|2|10,0.288431|0.288431|0.066561|0.059383|0.052442
20250127,2025_0127_48_02,9|10|2,9|10|2|5|4,2|9|5,2|9|5|4,0.323416|0.161708|0.076098|0.066914|0.064683
20250127,2025_0127_48_03,10|3|5,10|3|5|9|6,3|6,3|6|5|9,0.503396|0.069330|0.062925|0.062925|0.058430
20250127,2025_0127_48_04,10|3|8,10|3|8|4|9,3|10|9,3|10|9|8|4,0.428927|0.085785|0.066722|0.063545|0.059320
20250127,2025_0127_48_05,3|9|1,3|9|1|7|10,1|3,1|3|9|10,0.187741|0.100129|0.096124|0.085825|0.081658
20250127,2025_0127_48_06,3|9|1,3|9|1|11|10,11|3|9,11|3|9,0.192966|0.128644|0.104306|0.102915|0.087381
20250127,2025_0127_48_07,9|6|10,9|6|10|11|5,9|5,9|5,0.424810|0.073243|0.068888|0.062935|0.057407
20250127,2025_0127_48_08,5|8|1,5|8|1|2|4,1|2|5,1|2|5|4,0.104966|0.104966|0.104092|0.101553|0.101005
20250127,2025_0127_48_09,3|6|7,3|6|7|1|5,7|5,7|5|3,0.315982|0.165891|0.150284|0.105327|0.079695
20250127,2025_0127_48_10,3|1|8,3|1|8|4|11,4|11|1,4|11|1,0.361979|0.093080|0.083534|0.072396|0.067033
20250127,2025_0127_48_11,2|3|7,2|3|7|4|1,7|3,7|3|2,0.263347|0.165532|0.129322|0.083562|0.081744
20250128,2025_0128_44_01,11|5|6,11|5|6|12|10,12|10,12|10|11,0.191673|0.139399|0.115896|0.095837|0.080705
20250128,2025_0128_44_02,2|7|1,2|7|1|9|4,9|1|7,9|1|7,0.177602|0.101487|0.093680|0.090210|0.078341
20250128,2025_0128_44_03,6|10|7,6|10|7|2|1,6|1,6|1|7,0.294929|0.294929|0.065540|0.055299|0.052046
20250128,2025_0128_44_04,8|2|3,8|2|3|1|5,8|5,8|5|3,0.119376|0.095501|0.095501|0.086819|0.079584
20250128,2025_0128_44_05,3|7|5,3|7|5|6|1,7|5,7|5,0.245589|0.184192|0.147353|0.073677|0.070168
20250128,2025_0128_44_06,16|5|15,16|5|15|4|1,5,5|1,0.141528|0.128662|0.083910|0.066169|0.064331
20250128,2025_0128_44_07,4|3|10,4|3|10|8|9,4|3,4|3|10,0.201438|0.116066|0.114611|0.107713|0.086432
20250128,2025_0128_44_08,9|6|11,9|6|11|10|12,9|6|12,9|6|12|10,0.292873|0.104598|0.073218|0.062416|0.061954
20250128,2025_0128_44_09,3|11|4,3|11|4|5|6,3|11|4,3|11|4|5,0.207629|0.133476|0.116791|0.088017|0.083598
20250128,2025_0128_44_10,3|6|12,3|6|12|4|1,12|6,12|6|1,0.275978|0.118276|0.118276|0.084483|0.078851
20250128,2025_0128_44_11,8|3|7,8|3|7|4|5,7|8|3,7|8|3|5,0.430735|0.111157|0.107684|0.087742|0.070324
20250128,2025_0128_44_12,1|9|5,1|9|5|11|6,1|11|9,1|11|9,0.131205|0.120400|0.091443|0.089185|0.080267
20250128,2025_0128_48_01,10|9|1,10|9|1|7|2,10|7|1,10|7|1|2,0.323912|0.092147|0.090233|0.070323|0.066863
20250128,2025_0128_48_02,8|2|7,8|2|7|5|9,8,8|2|7,0.120636|0.115905|0.103704|0.101647|0.101045
20250128,2025_0128_48_03,3|2|4,3|2|4|10|11,10|3,10|3,0.396732|0.105017|0.066122|0.061628|0.060832
20250128,2025_0128_48_04,3|7|8,3|7|8|9|2,2|3|8,2|3|8|7|9,0.279326|0.279326|0.111731|0.060723|0.053205
20250128,2025_0128_48_05,6|3|7,6|3|7|4|11,11|7,11|7,0.374374|0.076577|0.074875|0.073950|0.066345
20250128,2025_0128_48_06,5|2|3,5|2|3|4|10,10,10|3,0.146428|0.115485|0.101786|0.093991|0.092738
20250128,2025_0128_48_07,10|3|11,10|3|11|1|6,6|11,6|11|10,0.366058|0.099834|0.081346|0.075365|0.062753
20250128,2025_0128_48_08,6|9|8,6|9|8|2|10,2|6,2|6|8,0.351043|0.113048|0.108013|0.096839|0.065986
20250128,2025_0128_48_09,4|7|1,4|7|1|6|5,7|4,7|4|6,0.303543|0.130090|0.101181|0.075886|0.064163
20250128,2025_0128_48_10,8|7|11,8|7|11|5|6,7|8,7|8|5,0.163858|0.137329|0.094865|0.090122|0.090122
20250128,2025_0128_48_11,9|8|1,9|8|1|3|7,8|1,8|1|9,0.216509|0.123843|0.119080|0.113410|0.109920
20250128,2025_0128_48_12,1|9|2,1|9|2|10|4,9|1|2,9|1|2|4,0.317220|0.106061|0.092818|0.079971|0.079125
20250128,2025_0128_51_01,3|4|1,3|4|1|5|8,8,8|5|3,0.124668|0.091183|0.090388|0.089979|0.087729
20250128,2025_0128_51_02,6|1|7,6|1|7|3|4,4|6|7,4|6|7|1,0.195035|0.146276|0.146276|0.141974|0.125379
20250128,2025_0128_51_03,8|6|5,8|6|5|3|2,6|3,6|3|5,0.152965|0.097002|0.093579|0.090389|0.079542
20250128,2025_0128_51_04,12|9|10,12|9|10|11|2,9|12,9|12,0.120281|0.109887|0.098898|0.093165|0.085821
20250128,2025_0128_51_05,8|4|3,8|4|3|5|2,4|3|8,4|3|8,0.121288|0.110352|0.101992|0.083993|0.080137
20250128,2025_0128_51_06,6|10|7,6|10|7|12|4,6|7,6|7|4,0.113925|0.103177|0.098735|0.094033|0.092164
20250128,2025_0128_51_07,5|4|9,5|4|9|1|7,9,9|7|4,0.160868|0.131520|0.126396|0.115405|0.099311
20250128,2025_0128_51_08,8|2|1,8|2|1|4|6,1|8,1|8|2,0.179773|0.149811|0.128409|0.116853|0.108484
20250128,2025_0128_51_09,10|3|1,10|3|1|2|6,1|2,1|2|10,0.157571|0.152796|0.140063|0.108938|0.096967
20250128,2025_0128_51_10,2|4|5,2|4|5|6|7,4|2,4|2|5,0.133117|0.133117|0.133117|0.133117|0.133117
20250128,2025_0128_51_11,1|5|8,1|5|8|3|6,8|5,8|5|3,0.355374|0.133265|0.096373|0.096247|0.087690
20250128,2025_0128_51_12,7|6|1,7|6|1|3|4,1,1|7|6,0.257064|0.091900|0.090098|0.084831|0.078547
20250128,2025_0128_54_01,4|7|9,4|7|9|5|6,7|4,7|4|9,0.261425|0.261425|0.261425|0.041535|0.040459
20250128,2025_0128_54_02,10|7|5,10|7|5|1|4,10|4|7,10|4|7|5|1,0.170036|0.121241|0.105713|0.105405|0.104340
20250128,2025_0128_54_03,6|3|8,6|3|8|1|2,6|8,6|8|1,0.157709|0.148432|0.118746|0.112745|0.100934
20250128,2025_0128_54_04,11|1|8,11|1|8|2|4,11|4,11|4|8,0.188200|0.118297|0.101210|0.099941|0.094100
20250128,2025_0128_54_05,5|6|2,5|6|2|4|8,8|5,8|5|2,0.380148|0.097752|0.093919|0.087726|0.084477
20250128,2025_0128_54_06,11|8|1,11|8|1|3|4,11|8,11|8|1,0.192218|0.151028|0.091930|0.090481|0.088100
20250128,2025_0128_54_07,10|9|4,10|9|4|2|5,4|9,4|9|2|10,0.337888|0.153586|0.087601|0.076793|0.075086
20250128,2025_0128_54_08,1|7|2,1|7|2|6|4,6|4|1,6|4|1|7,0.150671|0.140626|0.134369|0.124189|0.120537
20250128,2025_0128_54_09,6|1|2,6|1|2|8|4,6|8|4,6|8|4|2,0.320151|0.200095|0.134801|0.106717|0.075672
20250128,2025_0128_54_10,2|8|3,2|8|3|7|4,2|7,2|7|8,0.328661|0.103467|0.087301|0.083392|0.082165
20250128,2025_0128_54_11,10|6|3,10|6|3|8|9,6|9,6|9|10,0.097738|0.097536|0.092769|0.084829|0.084829
20250129,2025_0129_44_01,12|13|5,12|13|5|6|3,6|12,6|12,0.135010|0.118716|0.109047|0.101258|0.083083
20250129,2025_0129_44_02,4|14|2,4|14|2|10|8,2|8,2|8,0.203343|0.130721|0.114381|0.067781|0.059035
20250129,2025_0129_44_03,12|4|6,12|4|6|8|9,12,12|9,0.281248|0.124999|0.120535|0.056250|0.048214
20250129,2025_0129_44_04,12|4|7,12|4|7|5|10,5|7|12,5|7|12|4,0.180548|0.120365|0.120365|0.072219|0.072219
20250129,2025_0129_44_05,9|8|5,9|8|5|3|7,8|5,8|5,0.424772|0.084954|0.076079|0.074960|0.074960
20250129,2025_0129_44_06,4|5|12,4|5|12|9|1,5|4,5|4,0.266323|0.266323|0.077094|0.066581|0.055101
20250129,2025_0129_44_07,11|5|13,11|5|13|12|4,4,4|13|11,0.211917|0.105958|0.074171|0.070639|0.070040
20250129,2025_0129_44_08,10|9|14,10|9|14|8|6,6|10|8,6|10|8|14,0.272829|0.181886|0.090943|0.062961|0.053380
20250129,2025_0129_44_09,7|4|12,7|4|12|8|5,4,4|7,0.246727|0.164485|0.075028|0.071962|0.070493
20250129,2025_0129_44_10,3|6|5,3|6|5|2|11,3,3|2,0.152527|0.152527|0.096796|0.095945|0.090511
20250129,2025_0129_44_11,13|12|11,13|12|11|5|6,12,12,0.251176|0.097680|0.077285|0.071765|0.064404
20250129,2025_0129_44_12,6|11|9,6|11|9|1|12,12|9,12|9|6,0.221298|0.221298|0.189684|0.066904|0.059013
20250129,2025_0129_48_01,1|3|4,1|3|4|5|6,3|4,3|4|6,0.134866|0.134866|0.134866|0.134866|0.134866
20250129,2025_0129_48_02,2|4|7,2|4|7|10|1,2|7|10,2|7|10|1|4,0.200383|0.200383|0.200383|0.200383|0.050096
20250129,2025_0129_48_03,5|9|8,5|9|8|6|2,9|6|5,9|6|5|2,0.154523|0.154523|0.139500|0.107628|0.093000
20250129,2025_0129_48_04,4|3|2,4|3|2|5|1,2|3|5,2|3|5,0.262077|0.123330|0.094079|0.087359|0.084239
20250129,2025_0129_48_05,9|7|8,9|7|8|4|11,8|9,8|9|11,0.150210|0.120481|0.106866|0.091795|0.085936
20250129,2025_0129_48_06,2|4|6,2|4|6|7|1,1|7,1|7|6,0.112989|0.112514|0.111378|0.110540|0.103422
20250129,2025_0129_48_07,9|3|6,9|3|6|2|4,9,9|4,0.190049|0.106427|0.105583|0.093221|0.092309
20250129,2025_0129_48_08,7|8|9,7|8|9|11|10,11|8,11|8,0.127342|0.121278|0.113193|0.100616|0.098243
20250129,2025_0129_48_09,2|1|5,2|1|5|10|6,2|6,2|6|1,0.377563|0.092196|0.081435|0.078659|0.073415
20250129,2025_0129_48_10,11|2|5,11|2|5|3|1,2|5,2|5|3,0.302372|0.109954|0.079572|0.079311|0.075593
20250129,2025_0129_48_11,4|8|2,4|8|2|1|3,8|2,8|2,0.286368|0.286368|0.090432|0.068728|0.061365
20250129,2025_0129_48_12,6|8|5,6|8|5|9|1,5|6,5|6|9,0.352146|0.145001|0.088037|0.073364|0.064027
20250129,2025_0129_51_01,7|10|5,7|10|5|2|4,5|7,5|7|4,0.114942|0.110030|0.109221|0.080379|0.080292
20250129,2025_0129_51_02,1|4|7,1|4|7|6|2,2,2|1|4,0.184566|0.184566|0.184566|0.092283|0.054284
20250129,2025_0129_51_03,6|5|2,6|5|2|10|7,6,6|10|7,0.184138|0.114575|0.099945|0.085397|0.083383
20250129,2025_0129_51_04,6|2|12,6|2|12|10|3,2|10|3,2|10|3|12,0.117268|0.103737|0.103478|0.097001|0.091430
20250129,2025_0129_51_05,3|5|9,3|5|9|4|2,2|4,2|4|3,0.236305|0.236305|0.098460|0.075955|0.073142
20250129,2025_0129_51_06,2|3|10,2|3|10|6|8,10|2,10|2|8|6,0.215833|0.172666|0.103600|0.085698|0.082659
20250129,2025_0129_51_07,2|8|10,2|8|10|3|1,2|3|1,2|3|1,0.177500|0.118333|0.108991|0.103542|0.102197
20250129,2025_0129_51_08,3|6|12,3|6|12|2|1,2|12|6,2|12|6,0.177242|0.132932|0.132932|0.081804|0.073851
20250129,2025_0129_51_09,2|6|8,2|6|8|4|5,8|2|6,8|2|6|5,0.342371|0.120837|0.108117|0.087149|0.080558
20250129,2025_0129_51_10,2|5|9,2|5|9|6|3,6|2,6|2|9,0.244377|0.244377|0.122189|0.093991|0.081459
20250129,2025_0129_51_11,4|10|12,4|10|12|8|3,12|10,12|10|8,0.208027|0.208027|0.208027|0.055474|0.052007
20250129,2025_0129_51_12,8|6|12,8|6|12|4|11,6|4|8,6|4|8|11,0.131024|0.103440|0.101908|0.091717|0.090709
20250129,2025_0129_54_01,10|5|8,10|5|8|3|2,10|5|8,10|5|8|3|2,0.446673|0.089335|0.067564|0.060079|0.059556
20250129,2025_0129_54_02,3|4|6,3|4|6|7|8,3,3,0.122134|0.122134|0.122134|0.122134|0.122134
20250129,2025_0129_54_03,2|1|6,2|1|6|3|9,2|9|1,2|9|1|3,0.366636|0.157130|0.071423|0.066061|0.061106
20250129,2025_0129_54_04,1|5|7,1|5|7|9|6,5|7,5|7|9|1,0.132686|0.128846|0.123975|0.118992|0.116077
20250129,2025_0129_54_05,11|1|7,11|1|7|5|10,11|7,11|7|1,0.175189|0.116793|0.106637|0.088098|0.084574
20250129,2025_0129_54_06,5|8|2,5|8|2|6|3,8|3|5,8|3|5|2|6,0.225287|0.206513|0.115647|0.107656|0.104896
20250129,2025_0129_54_07,6|7|8,6|7|8|3|1,6|3,6|3,0.136384|0.134627|0.126240|0.126185|0.124110
20250129,2025_0129_54_08,10|2|3,10|2|3|8|11,10|3,10|3|11,0.200446|0.133631|0.112751|0.093359|0.083112
20250129,2025_0129_54_09,7|4|9,7|4|9|2|1,7|2,7|2|9,0.235649|0.147720|0.115206|0.113350|0.083521
20250129,2025_0129_54_10,11|5|6,11|5|6|10|7,7|11,7|11|6|5,0.125307|0.117475|0.117475|0.102791|0.091688
20250130,2025_0130_44_01,1|10|9,1|10|9|3|6,1|3,1|3|6,0.287874|0.084669|0.071969|0.065179|0.063192
20250130,2025_0130_44_02,7|5|3,7|5|3|9|2,7|5,7|5|3,0.162000|0.104454|0.092084|0.090496|0.082658
20250130,2025_0130_44_03,5|9|6,5|9|6|4|8,9|6,9|6,0.179006|0.179006|0.119337|0.113913|0.083536
20250130,2025_0130_44_04,1|3|8,1|3|8|10|9,8|3,8|3,0.108388|0.108388|0.108388|0.081291|0.078039
20250130,2025_0130_44_05,6|1|7,6|1|7|2|5,2|1,2|1,0.248929|0.134039|0.124465|0.076594|0.073214
20250130,2025_0130_44_06,13|8|3,13|8|3|10|9,13|8,13|8|3,0.178010|0.168641|0.084767|0.067813|0.055762
20250130,2025_0130_44_07,5|11|1,5|11|1|9|8,5|11|9,5|11|9,0.138767|0.115639|0.113069|0.102790|0.092511
20250130,2025_0130_44_08,3|2|8,3|2|8|10|9,3,3|8|9,0.244367|0.073310|0.073310|0.065023|0.064370
20250130,2025_0130_44_09,4|2|8,4|2|8|11|1,11,11|4|8,0.119031|0.097775|0.091257|0.089468|0.084313
20250130,2025_0130_44_10,8|13|6,8|13|6|3|10,13,13|6|8,0.241142|0.108514|0.100476|0.072343|0.059733
20250130,2025_0130_44_11,5|9|12,5|9|12|3|1,12|3,12|3,0.272755|0.136378|0.106730|0.090918|0.066123
20250130,2025_0130_44_12,2|4|9,2|4|9|11|8,2|4|11,2|4|11,0.316122|0.124191|0.108385|0.075617|0.067215
20250130,2025_0130_48_01,6|7|8,6|7|8|3|1,8|7|6,8|7|6,0.176976|0.147480|0.122053|0.106796|0.103034
20250130,2025_0130_48_02,1|9|5,1|9|5|8|10,9,9|10|8,0.157988|0.141960|0.111057|0.093531|0.090071
20250130,2025_0130_48_03,5|6|1,5|6|1|2|7,1|5|6,1|5|6|2,0.256300|0.124590|0.113911|0.091536|0.076280
20250130,2025_0130_48_04,10|4|1,10|4|1|6|5,4|1|10,4|1|10|5,0.365864|0.116411|0.087807|0.086652|0.085201
20250130,2025_0130_48_05,4|7|2,4|7|2|3|1,4,4|1,0.372872|0.099432|0.087268|0.081850|0.069913
20250130,2025_0130_48_06,2|4|8,2|4|8|10|3,4|8|3,4|8|3,0.151564|0.147234|0.138032|0.122695|0.080676
20250130,2025_0130_48_07,4|9|1,4|9|1|5|11,4|1,4|1|5|11,0.137984|0.123904|0.100352|0.099919|0.098560
20250130,2025_0130_48_08,4|3|10,4|3|10|1|6,4,4|6,0.136575|0.128770|0.098637|0.092534|0.091885
20250130,2025_0130_48_09,7|9|1,7|9|1|8|3,7|8|9,7|8|9|1,0.196541|0.130064|0.123821|0.114121|0.113713
20250130,2025_0130_48_10,4|7|1,4|7|1|5|2,7|1,7|1|5|4,0.185671|0.159799|0.152434|0.146445|0.129970
20250130,2025_0130_48_11,10|6|5,10|6|5|2|1,10|6,10|6,0.230765|0.118341|0.083440|0.079403|0.073577
20250130,2025_0130_48_12,4|8|5,4|8|5|11|10,11|8,11|8|5|10,0.141326|0.125175|0.106209|0.105147|0.093881
20250130,2025_0130_51_01,12|4|1,12|4|1|10|5,1|12|4,1|12|4,0.136050|0.109305|0.098374|0.094591|0.094034
20250130,2025_0130_51_02,4|3|5,4|3|5|1|7,3,3|1,0.112207|0.098702|0.097822|0.095121|0.093218
20250130,2025_0130_51_03,5|10|2,5|10|2|9|3,10,10|9,0.125617|0.123148|0.092831|0.085648|0.085413
20250130,2025_0130_51_04,7|9|4,7|9|4|1|2,1|7,1|7|9,0.146883|0.139152|0.125900|0.122403|0.094425
20250130,2025_0130_51_05,5|11|4,5|11|4|9|2,9,9|4|11,0.133601|0.133601|0.110861|0.090504|0.082925
20250130,2025_0130_51_06,6|8|4,6|8|4|7|9,9|6|4,9|6|4,0.151890|0.148540|0.128835|0.120246|0.101007
20250130,2025_0130_51_07,6|2|5,6|2|5|7|9,7|5|2,7|5|2,0.363558|0.121186|0.109067|0.090889|0.075741
20250130,2025_0130_51_08,3|2|5,3|2|5|6|4,5|3|2,5|3|2|6,0.310096|0.162800|0.135667|0.134615|0.133287
20250130,2025_0130_51_09,6|3|1,6|3|1|4|5,1|3,1|3|5|6,0.352342|0.176171|0.151004|0.117447|0.112109
20250130,2025_0130_51_10,7|10|3,7|10|3|12|11,,3,0.153535|0.133302|0.102357|0.087255|0.076334
20250130,2025_0130_51_11,1|10|6,1|10|6|9|8,9,9|8,0.198691|0.198691|0.099346|0.072251|0.068123
20250130,2025_0130_51_12,9|8|1,9|8|1|3|6,8,8|9|6,0.186985|0.112191|0.098992|0.077910|0.076994
