kaisai_tsukihi,keibajo_code,race_bango,recommendation,top1_deviation,top5_predicted,top3_actual,hit_count,is_hit
1101,35,1,★★★★☆,69.1,"6,1,3,2,9","4,6,2",2,×
1101,35,3,★★★★☆,66.0,"7,3,2,1,6","2,7,3",3,○
1101,35,5,★★★★☆,69.8,"8,3,6,5,1","8,3,1",3,○
1101,35,7,★★★★★,71.1,"12,10,7,2,3","12,1,3",2,×
1101,35,8,★★★★☆,69.8,"6,2,8,3,10","6,2,8",3,○
1101,35,9,★★★★★,71.8,"3,4,2,10,9","10,8,6",1,×
1101,35,10,★★★★★,70.4,"5,3,8,2,6","1,3,6",2,×
1101,35,11,★★★★★,76.5,"5,10,12,6,1","4,9,5",1,×
1101,35,12,★★★★★,82.0,"8,10,1,7,11","6,8,1",2,×
1101,54,1,★★★★☆,68.0,"8,3,7,6,2","6,2,8",3,○
1101,54,2,★★★★★,72.6,"6,12,8,9,7","12,6,7",3,○
1101,54,3,★★★★★,73.0,"3,12,4,5,9","3,12,9",3,○
1101,54,4,★★★★★,75.6,"6,9,11,3,2","6,11,4",2,×
1101,54,5,★★★★★,75.0,"3,6,2,9,4","3,6,9",3,○
1101,54,6,★★★★☆,67.5,"1,2,7,9,8","7,8,2",3,○
1101,54,7,★★★★☆,68.2,"7,11,5,2,1","8,7,9",1,×
1101,54,8,★★★★☆,68.1,"10,5,8,1,6","10,5,7",2,×
1101,54,9,★★★★★,72.6,"10,6,11,3,9","10,11,6",3,○
1101,54,10,★★★★★,75.7,"8,5,11,12,4","8,11,7",2,×
1101,54,11,★★★★★,73.5,"9,5,2,1,6","5,9,1",3,○
1101,54,12,★★★★☆,68.5,"5,9,11,3,8","4,11,9",2,×
1101,55,1,★★★★☆,69.5,"2,8,4,1,3","9,2,3",2,×
1101,55,2,★★★★★,73.2,"7,2,11,4,9","7,4,3",2,×
1101,55,3,★★★★★,79.9,"10,9,5,3,11","10,11,7",2,×
1101,55,4,★★★★☆,66.6,"7,3,5,6,2","3,2,1",2,×
1101,55,5,★★★★☆,69.7,"3,7,9,10,5","7,3,2",2,×
1101,55,6,★★★★★,71.5,"8,1,7,4,9","8,4,1",3,○
1101,55,7,★★★★★,70.3,"6,4,1,3,7","6,8,3",2,×
1101,55,8,★★★★★,71.1,"8,4,11,5,7","11,6,8",2,×
1101,55,9,★★★★☆,68.7,"6,7,10,2,1","8,7,4",1,×
1101,55,10,★★★★★,75.4,"3,12,10,2,7","10,3,8",2,×
1101,55,11,★★★★★,77.0,"10,8,9,11,5","10,8,7",2,×
1102,35,1,★★★★☆,67.8,"7,2,1,11,9","1,3,5",1,×
1102,35,2,★★★★★,73.6,"10,4,8,7,11","10,12,4",2,×
1102,35,3,★★★★★,74.5,"6,4,5,3,9","6,9,5",3,○
1102,35,4,★★★★☆,67.7,"9,8,4,2,3","8,9,4",3,○
1102,35,5,★★★★☆,69.1,"2,3,10,1,4","2,1,3",3,○
1102,35,6,★★★★★,74.7,"1,5,9,7,10","1,10,5",3,○
1102,35,7,★★★★★,72.6,"1,10,2,3,4","7,1,10",2,×
1102,35,8,★★★★★,74.9,"8,4,1,11,6","2,8,4",2,×
1102,35,9,★★★★★,77.7,"3,7,9,10,2","3,7,1",2,×
1102,35,10,★★★★☆,68.5,"11,5,7,3,6","5,11,7",3,○
1102,35,11,★★★★☆,65.2,"9,10,6,2,11","2,10,4",2,×
1102,54,1,★★★★★,72.1,"1,7,3,2,4","3,4,1",3,○
1102,54,2,★★★★☆,67.9,"5,4,3,9,6","3,6,2",2,×
1102,54,3,★★★★★,73.7,"8,2,4,1,6","1,8,6",3,○
1102,54,4,★★★★☆,68.5,"7,12,3,1,6","7,10,11",1,×
1102,54,5,★★★★☆,70.0,"6,3,10,5,12","6,3,12",3,○
1102,54,6,★★★★★,79.4,"7,11,1,6,8","7,9,3",1,×
1102,54,7,★★★★★,70.2,"7,10,1,4,2","10,3,4",2,×
1102,54,9,★★★★★,71.0,"11,5,7,8,9","11,5,9",3,○
1102,54,10,★★★★☆,69.2,"2,5,6,3,4","8,5,4",2,×
1102,54,11,★★★★★,75.3,"9,6,5,10,2","9,6,7",2,×
1102,54,12,★★★★★,79.2,"10,6,8,12,7","12,4,10",2,×
1102,55,1,★★★★★,77.6,"7,9,10,8,4","7,9,6",2,×
1102,55,2,★★★★★,72.4,"4,10,2,8,7","10,4,2",3,○
1102,55,3,★★★★★,75.8,"10,4,1,2,6","10,2,4",3,○
1102,55,4,★★★★☆,69.3,"11,6,1,7,4","11,12,6",2,×
1102,55,5,★★★★★,73.1,"9,1,2,7,8","4,9,6",1,×
1102,55,6,★★★★★,70.5,"7,4,3,8,1","2,8,4",2,×
1102,55,7,★★★★☆,67.7,"11,6,9,1,8","11,6,8",3,○
1102,55,10,★★★★★,78.3,"9,1,8,6,11","1,9,11",3,○
1102,55,11,★★★★☆,67.1,"7,4,5,10,9","5,4,6",2,×
1103,30,1,★★★★★,71.9,"5,9,1,7,4","1,5,9",3,○
1103,30,3,★★★★★,71.8,"9,7,6,8,3","8,9,7",3,○
1103,30,6,★★★★☆,66.5,"7,6,3,5,2","7,5,6",3,○
1103,30,7,★★★★★,73.7,"1,2,6,5,8","1,6,2",3,○
1103,30,8,★★★★★,75.9,"7,3,8,10,6","3,10,7",3,○
1103,30,9,★★★★★,71.9,"4,3,8,2,9","4,8,3",3,○
1103,30,10,★★★★★,75.1,"6,7,3,9,1","6,3,7",3,○
1103,30,11,★★★★☆,68.7,"4,10,1,2,8","4,5,2",2,×
1103,30,12,★★★★☆,68.7,"5,14,12,13,6","5,14,12",3,○
1103,43,1,★★★★★,74.6,"4,10,8,2,9","4,2,5",2,×
1103,43,3,★★★★★,72.5,"6,4,12,5,10","6,4,5",3,○
1103,43,4,★★★★☆,66.6,"7,12,10,3,4","7,4,12",3,○
1103,43,5,★★★★★,73.2,"12,14,13,10,1","1,12,13",3,○
1103,43,6,★★★★☆,65.7,"12,11,9,1,8","11,6,9",2,×
1103,43,7,★★★★★,70.3,"11,6,8,2,3","6,8,11",3,○
1103,43,8,★★★★☆,69.7,"11,3,8,2,4","5,10,4",1,×
1103,43,9,★★★★★,71.8,"9,2,5,12,14","5,2,9",3,○
1103,43,10,★★★★★,72.4,"3,13,1,10,5","3,13,1",3,○
1103,43,11,★★★★☆,67.3,"13,9,5,7,2","13,2,5",3,○
1103,43,12,★★★★★,76.6,"5,9,1,10,3","5,1,10",3,○
1103,50,1,★★★★☆,65.2,"9,8,1,5,6","2,5,6",2,×
1103,50,2,★★★★★,71.1,"5,3,6,2,1","5,1,2",3,○
1103,50,3,★★★★☆,66.6,"4,5,3,6,1","4,3,6",3,○
1103,50,4,★★★★☆,66.0,"9,8,5,6,1","9,8,5",3,○
1103,50,5,★★★★☆,68.0,"9,7,1,10,8","9,4,7",2,×
1103,50,6,★★★★★,71.4,"7,8,5,3,1","8,7,9",2,×
1103,50,8,★★★★☆,67.3,"9,7,1,2,5","9,5,8",2,×
1104,35,1,★★★★★,76.6,"4,8,6,2,5","4,9,8",2,×
1104,35,2,★★★★★,71.1,"2,8,6,4,5","2,8,7",2,×
1104,35,3,★★★★☆,66.1,"3,2,6,1,10","2,3,9",2,×
1104,35,4,★★★★☆,65.2,"2,10,8,6,9","10,8,6",3,○
1104,35,5,★★★★☆,66.9,"10,11,9,7,2","9,12,6",1,×
1104,35,6,★★★★★,80.2,"3,8,4,12,7","3,8,1",2,×
1104,35,7,★★★★☆,66.7,"3,5,7,1,6","9,5,3",2,×
1104,35,8,★★★★★,72.1,"7,8,2,10,3","2,8,7",3,○
1104,35,9,★★★★☆,67.1,"9,3,7,1,4","9,1,8",2,×
1104,35,10,★★★★★,75.0,"4,8,1,9,5","4,9,3",2,×
1104,35,11,★★★★★,72.7,"5,2,10,9,4","9,10,5",3,○
1104,43,1,★★★★☆,68.5,"5,8,4,6,1","5,1,8",3,○
1104,43,2,★★★★☆,67.0,"6,3,1,2,7","1,6,3",3,○
1104,43,3,★★★★★,75.0,"8,1,2,6,3","8,2,1",3,○
1104,43,4,★★★★★,72.3,"9,8,12,6,4","8,9,12",3,○
1104,43,5,★★★★★,71.5,"9,5,10,11,1","9,5,4",2,×
1104,43,6,★★★★☆,67.6,"1,5,12,7,6","4,10,5",1,×
1104,43,7,★★★★☆,66.4,"8,3,9,1,7","7,9,3",3,○
1104,43,8,★★★★★,74.1,"6,9,10,8,3","8,6,4",2,×
1104,43,9,★★★★★,71.6,"5,8,10,3,7","5,1,2",1,×
1104,43,10,★★★★☆,67.9,"13,4,5,12,3","4,13,5",3,○
1104,43,12,★★★★☆,69.6,"5,3,8,2,11","5,3,7",2,×
1104,46,3,★★★★☆,68.0,"4,6,7,2,3","7,6,4",3,○
1104,46,5,★★★★☆,66.9,"8,3,5,6,2","5,8,3",3,○
1104,46,6,★★★★☆,69.0,"7,6,10,9,1","7,6,10",3,○
1104,46,9,★★★★☆,70.0,"5,6,9,10,1","5,10,2",2,×
1104,47,1,★★★★☆,65.8,"1,5,4,9,6","9,5,6",3,○
1104,47,2,★★★★★,71.8,"2,7,1,6,3","2,1,7",3,○
1104,47,3,★★★★★,74.5,"2,6,8,1,12","2,1,6",3,○
1104,47,4,★★★★☆,65.3,"7,2,8,5,4","7,2,8",3,○
1104,47,6,★★★★☆,69.5,"5,7,1,6,4","7,5,8",2,×
1104,47,7,★★★★★,76.3,"2,6,4,9,10","10,6,2",3,○
1104,47,8,★★★★☆,67.6,"5,9,3,1,7","6,9,3",2,×
1104,47,9,★★★★★,72.2,"12,5,11,6,8","12,8,2",2,×
1104,47,11,★★★★☆,67.7,"7,1,8,6,10","5,7,1",2,×
1104,47,12,★★★★★,75.3,"8,10,9,3,1","4,7,5",0,×
1104,50,1,★★★★☆,67.7,"1,2,8,4,10","7,6,1",1,×
1104,50,3,★★★★★,70.3,"3,5,9,8,4","3,10,8",2,×
1104,50,4,★★★★★,74.4,"1,10,2,7,4","2,5,1",2,×
1104,50,5,★★★★☆,67.6,"6,3,2,11,9","6,8,11",2,×
1104,50,6,★★★★☆,68.4,"8,5,4,6,3","8,5,3",3,○
1104,50,7,★★★★★,71.2,"1,2,6,5,3","7,1,5",2,×
1104,50,8,★★★★★,73.1,"10,8,6,1,4","10,8,4",3,○
1104,50,9,★★★★★,80.2,"3,2,11,8,7","3,8,2",3,○
1104,50,10,★★★★★,71.3,"2,4,1,6,3","2,4,6",3,○
1104,50,11,★★★★☆,66.0,"6,2,10,11,1","7,6,10",2,×
1104,50,12,★★★★★,74.5,"11,5,8,6,2","6,3,11",2,×
1105,30,1,★★★★☆,67.9,"4,9,10,8,1","9,4,8",3,○
1105,30,2,★★★★☆,67.2,"9,7,4,3,12","9,4,7",3,○
1105,30,3,★★★★★,74.3,"6,9,1,11,7","6,7,3",2,×
1105,30,4,★★★★★,70.7,"4,6,1,7,8","6,4,1",3,○
1105,30,5,★★★★☆,67.7,"3,6,9,8,5","6,8,9",3,○
1105,30,7,★★★★★,74.7,"2,5,1,3,7","5,2,6",2,×
1105,30,8,★★★★☆,69.7,"2,1,8,11,9","12,2,4",1,×
1105,30,10,★★★★★,73.7,"11,12,5,7,9","11,12,7",3,○
1105,30,11,★★★★☆,68.6,"8,9,6,11,4","3,8,5",1,×
1105,30,12,★★★★★,73.2,"6,7,10,3,9","9,10,6",3,○
1105,43,1,★★★★☆,66.6,"11,1,10,6,5","6,10,9",2,×
1105,43,2,★★★★★,76.9,"5,10,6,4,2","5,6,10",3,○
1105,43,3,★★★★★,73.2,"2,1,5,6,8","5,9,11",1,×
1105,43,4,★★★★★,74.9,"3,5,6,11,1","3,6,5",3,○
1105,43,5,★★★★★,76.0,"2,12,3,11,8","12,3,2",3,○
1105,43,6,★★★★★,71.1,"7,11,10,4,6","7,1,2",1,×
1105,43,8,★★★★★,76.9,"10,4,5,9,7","10,7,4",3,○
1105,43,9,★★★★★,72.2,"3,7,6,5,9","7,3,6",3,○
1105,43,11,★★★★☆,68.9,"2,6,7,9,5","2,4,7",2,×
1105,43,12,★★★★☆,66.2,"9,8,5,3,1","8,3,9",3,○
1105,46,1,★★★★★,76.0,"8,3,5,11,6","8,1,9",1,×
1105,46,2,★★★★☆,66.6,"1,7,2,3,5","1,3,2",3,○
1105,46,3,★★★★☆,66.2,"8,7,1,3,4","1,3,8",3,○
1105,46,4,★★★★☆,68.2,"4,5,1,7,3","4,1,5",3,○
1105,46,5,★★★★☆,65.8,"8,1,2,7,3","8,2,1",3,○
1105,46,6,★★★★★,70.0,"4,8,2,6,7","4,1,3",1,×
1105,46,8,★★★★☆,69.6,"4,3,7,5,8","4,3,7",3,○
1105,46,9,★★★★☆,67.8,"3,2,11,10,9","1,11,7",1,×
1105,46,10,★★★★☆,68.7,"9,3,7,6,8","3,7,1",2,×
1105,46,11,★★★★☆,66.8,"2,5,4,10,7","10,2,3",2,×
1105,47,1,★★★★☆,65.1,"4,8,9,6,1","4,2,11",1,×
1105,47,2,★★★★☆,66.9,"1,3,8,2,4","4,1,8",3,○
1105,47,3,★★★★☆,66.4,"8,3,6,9,10","3,8,5",2,×
1105,47,4,★★★★★,73.4,"12,10,6,3,2","12,3,10",3,○
1105,47,5,★★★★★,71.7,"3,4,7,10,9","3,8,4",2,×
1105,47,6,★★★★★,77.0,"1,7,8,3,2","1,4,3",2,×
1105,47,7,★★★★★,71.6,"9,6,5,12,3","10,5,9",2,×
1105,47,8,★★★★★,76.4,"7,2,8,4,6","8,7,1",2,×
1105,47,9,★★★★☆,69.7,"7,2,6,1,3","7,2,1",3,○
1105,47,10,★★★★★,70.1,"2,7,8,1,3","7,1,8",3,○
1105,47,12,★★★★☆,67.1,"4,7,3,8,9","7,3,4",3,○
1105,50,1,★★★★★,75.0,"5,7,6,8,1","5,4,8",2,×
1105,50,2,★★★★☆,68.7,"7,3,8,5,10","7,9,6",1,×
1105,50,4,★★★★★,73.3,"10,5,9,6,2","10,9,7",2,×
1105,50,5,★★★★★,74.6,"4,5,12,7,9","4,12,5",3,○
1105,50,6,★★★★☆,69.9,"7,12,3,10,8","7,12,10",3,○
1105,50,7,★★★★★,77.1,"9,6,4,7,5","10,9,5",2,×
1105,50,8,★★★★☆,68.0,"5,8,1,7,6","6,7,9",2,×
1105,50,9,★★★★☆,68.5,"8,10,2,6,4","8,4,10",3,○
1105,50,10,★★★★☆,65.6,"6,2,7,11,5","8,7,6",2,×
1105,50,12,★★★★☆,68.6,"11,5,1,12,9","5,11,12",3,○
1106,30,2,★★★★☆,69.8,"10,5,3,4,11","10,5,3",3,○
1106,30,3,★★★★★,76.1,"9,10,3,7,6","9,10,8",2,×
1106,30,5,★★★★★,76.0,"8,1,4,2,10","4,2,8",3,○
1106,30,6,★★★★☆,68.8,"9,4,3,2,7","7,4,9",3,○
1106,30,7,★★★★★,74.0,"3,6,1,9,4","6,3,11",2,×
1106,30,8,★★★★☆,69.1,"10,2,3,1,4","6,10,3",2,×
1106,30,9,★★★★☆,66.1,"10,11,2,8,4","8,10,11",3,○
1106,30,11,★★★★★,70.2,"12,10,3,4,5","12,10,4",3,○
1106,30,12,★★★★☆,69.6,"10,4,11,12,6","10,6,4",3,○
1106,43,1,★★★★★,78.4,"5,4,7,9,3","5,11,9",2,×
1106,43,2,★★★★☆,68.7,"6,2,7,3,5","6,2,5",3,○
1106,43,4,★★★★★,78.0,"3,7,1,9,8","3,7,6",2,×
1106,43,6,★★★★☆,69.4,"10,5,7,3,8","5,7,10",3,○
1106,43,7,★★★★★,75.5,"9,11,2,7,12","2,9,11",3,○
1106,43,9,★★★★☆,68.7,"1,3,9,8,2","1,3,9",3,○
1106,43,10,★★★★☆,70.0,"4,5,9,8,13","9,5,4",3,○
1106,43,11,★★★★★,72.3,"8,4,6,7,3","4,8,7",3,○
1106,43,12,★★★★★,70.6,"1,12,11,7,2","4,2,11",2,×
1106,47,2,★★★★☆,69.6,"2,3,4,1,5","2,5,4",3,○
1106,47,3,★★★★★,76.5,"6,4,2,5,7","6,7,5",3,○
1106,47,4,★★★★☆,70.0,"9,5,1,4,7","5,9,1",3,○
1106,47,5,★★★★★,73.0,"3,8,2,7,6","2,7,1",2,×
1106,47,6,★★★★☆,68.3,"4,9,3,2,6","1,9,6",2,×
1106,47,7,★★★★★,71.3,"2,8,3,4,10","8,2,5",2,×
1106,47,8,★★★★★,70.2,"7,6,8,10,1","7,6,3",2,×
1106,47,9,★★★★★,74.9,"3,8,7,10,5","3,7,1",2,×
1106,47,10,★★★★☆,67.8,"6,7,4,3,2","4,7,6",3,○
1106,47,11,★★★★☆,68.2,"3,1,4,5,2","3,1,4",3,○
1106,47,12,★★★★★,70.6,"5,6,2,8,11","5,2,6",3,○
1106,50,1,★★★★☆,69.9,"2,9,10,5,3","10,9,2",3,○
1106,50,2,★★★★☆,69.8,"7,5,8,1,4","7,8,1",3,○
1106,50,3,★★★★★,70.9,"7,12,4,3,9","12,9,7",3,○
1106,50,4,★★★★☆,69.9,"1,6,4,5,9","1,6,5",3,○
1106,50,5,★★★★★,72.9,"2,5,6,7,1","2,5,9",2,×
1106,50,6,★★★★☆,68.5,"7,10,6,3,5","7,9,3",2,×
1106,50,7,★★★★☆,66.7,"1,2,6,10,3","10,2,5",2,×
1106,50,9,★★★★☆,66.8,"1,2,10,7,8","10,1,8",3,○
1106,50,11,★★★★☆,67.7,"8,2,4,11,10","7,4,11",2,×
1106,50,12,★★★★☆,65.1,"6,1,4,7,9","4,6,10",2,×
1107,43,1,★★★★☆,67.2,"9,12,7,11,2","11,7,9",3,○
1107,43,3,★★★★★,72.9,"4,2,7,6,3","4,1,2",2,×
1107,43,4,★★★★☆,67.4,"2,5,3,8,7","2,5,3",3,○
1107,43,5,★★★★☆,68.5,"1,7,6,8,5","7,1,3",2,×
1107,43,6,★★★★☆,66.3,"2,1,7,6,3","7,5,4",1,×
1107,43,7,★★★★★,75.5,"8,13,7,9,6","8,9,6",3,○
1107,43,10,★★★★★,71.2,"1,11,5,2,6","5,1,2",3,○
1107,43,11,★★★★☆,66.3,"4,5,7,9,1","5,4,7",3,○
1107,43,12,★★★★★,70.8,"13,6,2,8,4","4,13,3",2,×
1107,48,1,★★★★★,73.6,"1,5,8,4,7","8,5,1",3,○
1107,48,2,★★★★★,70.8,"9,5,6,11,4","11,1,9",2,×
1107,48,3,★★★★★,71.5,"2,6,8,1,5","8,2,6",3,○
1107,48,5,★★★★★,75.2,"6,3,10,11,5","7,3,6",2,×
1107,48,6,★★★★☆,67.5,"5,12,4,2,3","12,2,5",3,○
1107,48,8,★★★★★,70.6,"9,3,7,8,10","8,9,7",3,○
1107,48,9,★★★★★,74.9,"11,6,9,8,2","11,8,6",3,○
1107,48,10,★★★★★,75.4,"8,2,5,1,3","6,7,5",1,×
1107,48,12,★★★★★,76.4,"6,12,5,10,8","6,5,4",2,×
1107,55,1,★★★★★,78.9,"5,7,11,10,9","5,7,6",2,×
1107,55,2,★★★★★,70.8,"9,5,10,2,8","9,10,5",3,○
1107,55,3,★★★★★,71.7,"7,6,9,4,8","7,6,9",3,○
1107,55,4,★★★★★,73.6,"10,1,7,3,2","6,10,3",2,×
1107,55,5,★★★★☆,67.4,"2,4,11,9,10","12,2,4",2,×
1107,55,6,★★★★★,70.7,"8,4,2,3,6","4,5,2",2,×
1107,55,7,★★★★☆,66.2,"6,7,1,10,9","10,7,5",2,×
1107,55,8,★★★★★,74.8,"3,5,11,7,2","3,5,2",3,○
1107,55,9,★★★★☆,68.9,"1,5,6,3,4","1,6,5",3,○
1107,55,10,★★★★☆,66.4,"4,9,10,1,2","4,3,5",1,×
1107,55,11,★★★★☆,69.2,"9,1,2,5,7","9,2,1",3,○
1107,55,12,★★★★☆,65.3,"6,3,4,8,11","6,4,3",3,○
1108,54,1,★★★★★,72.6,"3,11,6,5,7","11,3,6",3,○
1108,54,2,★★★★☆,69.5,"9,10,7,1,3","10,9,5",2,×
1108,54,3,★★★★☆,66.8,"7,3,5,10,1","5,3,6",2,×
1108,54,4,★★★★★,74.1,"11,5,6,10,8","5,11,10",3,○
1108,54,5,★★★★☆,66.9,"2,7,5,3,1","5,2,3",3,○
1108,54,6,★★★★☆,67.3,"3,6,9,1,5","9,3,6",3,○
1108,54,7,★★★★★,71.0,"11,5,1,7,2","11,7,5",3,○
1108,54,8,★★★★★,70.3,"4,2,5,6,9","2,4,6",3,○
1108,54,9,★★★★★,74.2,"5,9,6,10,4","5,4,10",3,○
1108,54,10,★★★★☆,69.0,"1,4,7,5,6","1,9,8",1,×
1108,54,11,★★★★★,73.2,"6,10,5,8,12","5,4,8",2,×
1108,55,1,★★★★★,77.3,"1,5,6,4,8","1,4,5",3,○
1108,55,2,★★★★☆,67.0,"6,5,3,8,11","11,6,5",3,○
1108,55,3,★★★★★,70.9,"9,1,2,10,7","9,1,6",2,×
1108,55,4,★★★★★,74.3,"3,1,10,4,7","3,1,2",2,×
1108,55,5,★★★★☆,65.6,"6,3,11,9,1","7,3,11",2,×
1108,55,6,★★★★☆,67.7,"8,2,3,7,6","8,2,6",3,○
1108,55,7,★★★★★,79.2,"8,10,3,2,7","8,2,3",3,○
1108,55,8,★★★★★,73.6,"3,8,2,9,7","3,11,5",1,×
1108,55,9,★★★★★,70.9,"9,11,6,4,2","9,11,7",2,×
1108,55,10,★★★★★,71.7,"1,6,11,9,2","1,6,11",3,○
1108,55,11,★★★★★,71.8,"10,2,7,6,1","7,10,3",2,×
1109,46,1,★★★★★,74.5,"1,5,6,7,3","1,5,6",3,○
1109,46,4,★★★★★,73.0,"3,1,4,6,8","6,3,8",3,○
1109,46,5,★★★★★,74.3,"4,1,5,3,6","4,8,1",2,×
1109,46,6,★★★★☆,69.8,"1,5,2,4,6","5,1,2",3,○
1109,46,7,★★★★★,71.8,"3,4,1,9,6","3,5,1",2,×
1109,46,8,★★★★☆,68.6,"7,5,6,9,4","6,7,2",2,×
1109,46,11,★★★★☆,68.6,"10,3,4,9,1","2,5,10",1,×
1109,54,1,★★★★★,72.3,"5,10,2,6,3","10,5,7",2,×
1109,54,2,★★★★★,70.8,"5,2,6,7,3","2,6,4",2,×
1109,54,3,★★★★☆,69.2,"9,2,3,10,11","10,9,2",3,○
1109,54,5,★★★★☆,68.6,"6,2,1,7,4","1,7,3",2,×
1109,54,6,★★★★☆,65.2,"11,4,6,1,2","11,2,6",3,○
1109,54,8,★★★★★,74.5,"10,9,1,8,2","3,1,10",2,×
1109,54,10,★★★★☆,65.8,"8,5,4,7,6","8,6,4",3,○
1109,54,11,★★★★☆,67.5,"10,8,5,9,2","9,11,10",2,×
1109,55,1,★★★★☆,69.7,"11,7,3,1,2","7,11,1",3,○
1109,55,2,★★★★☆,66.0,"2,4,11,8,10","4,11,2",3,○
1109,55,3,★★★★★,74.4,"10,7,3,11,5","7,1,2",1,×
1109,55,4,★★★★☆,69.3,"2,9,11,5,6","2,9,5",3,○
1109,55,5,★★★★★,77.7,"3,6,10,2,8","3,9,8",2,×
1109,55,6,★★★★☆,69.7,"2,9,7,4,6","7,2,9",3,○
1109,55,7,★★★★★,72.1,"1,9,6,11,7","7,1,2",2,×
1109,55,8,★★★★☆,65.6,"1,5,3,4,7","7,1,3",3,○
1109,55,9,★★★★★,70.8,"8,10,12,5,1","2,8,4",1,×
1109,55,10,★★★★★,80.2,"12,9,3,1,6","12,9,7",2,×
1110,35,1,★★★★★,71.5,"1,5,7,2,9","5,1,6",2,×
1110,35,2,★★★★★,75.6,"8,5,4,10,2","5,8,2",3,○
1110,35,3,★★★★★,74.9,"2,11,6,10,5","11,2,6",3,○
1110,35,4,★★★★★,70.1,"8,5,3,6,10","5,3,8",3,○
1110,35,6,★★★★☆,66.7,"7,3,1,8,5","8,7,6",2,×
1110,35,7,★★★★★,70.7,"6,4,7,1,8","6,2,4",2,×
1110,35,9,★★★★★,77.3,"4,10,6,11,9","4,9,6",3,○
1110,35,10,★★★★★,79.2,"5,1,10,9,8","5,7,9",2,×
1110,35,11,★★★★☆,69.8,"1,6,3,10,7","7,3,8",2,×
1110,35,12,★★★★★,72.5,"4,7,9,11,2","7,11,4",3,○
1110,44,1,★★★★★,79.3,"10,1,7,5,6","10,1,7",3,○
1110,44,2,★★★★★,73.6,"2,10,7,1,3","2,1,5",2,×
1110,44,3,★★★★★,77.4,"8,5,9,7,3","8,7,5",3,○
1110,44,4,★★★★★,74.2,"6,3,4,7,2","6,10,3",2,×
1110,44,5,★★★★★,78.5,"3,12,11,1,14","3,8,12",2,×
1110,44,6,★★★★☆,69.5,"1,7,2,12,14","2,7,1",3,○
1110,44,7,★★★★★,73.1,"12,10,1,9,4","12,11,9",2,×
1110,44,8,★★★★☆,65.1,"6,1,10,7,9","1,6,9",3,○
1110,44,9,★★★★☆,67.9,"9,1,3,7,5","3,4,2",1,×
1110,44,10,★★★★★,80.5,"11,1,4,14,2","2,11,1",3,○
1110,44,11,★★★★☆,65.7,"2,10,5,12,4","2,1,12",2,×
1110,44,12,★★★★★,79.2,"5,11,4,3,13","5,3,13",3,○
1110,46,1,★★★★☆,67.2,"7,1,4,2,3","1,7,4",3,○
1110,46,2,★★★★☆,67.3,"6,2,7,1,4","2,6,3",2,×
1110,46,4,★★★★☆,69.6,"4,6,1,5,2","4,2,3",2,×
1110,46,5,★★★★★,74.3,"7,1,2,4,8","7,8,1",3,○
1110,46,6,★★★★☆,67.7,"1,2,5,6,4","1,5,2",3,○
1110,46,7,★★★★★,72.7,"6,7,4,3,5","6,7,5",3,○
1110,46,8,★★★★★,72.0,"6,7,2,3,5","6,7,3",3,○
1110,46,9,★★★★★,70.5,"8,5,9,1,7","8,9,3",2,×
1110,48,1,★★★★☆,67.9,"11,3,6,7,1","11,3,6",3,○
1110,48,2,★★★★☆,65.3,"4,6,1,10,5","1,6,10",3,○
1110,48,3,★★★★☆,69.2,"2,8,4,9,3","2,3,7",2,×
1110,48,6,★★★★☆,69.2,"11,9,10,1,5","11,5,10",3,○
1110,48,7,★★★★☆,68.7,"6,3,4,2,1","4,6,10",2,×
1110,48,8,★★★★★,70.0,"4,2,3,6,8","6,2,4",3,○
1110,48,9,★★★★★,72.8,"7,4,5,6,12","4,7,9",2,×
1110,48,10,★★★★☆,66.1,"7,12,9,3,8","12,7,9",3,○
1110,48,11,★★★★★,72.7,"4,2,10,9,7","7,8,10",2,×
1110,48,12,★★★★★,73.1,"1,9,7,5,3","7,1,8",2,×
1111,30,2,★★★★☆,66.1,"6,1,2,9,4","6,1,9",3,○
1111,30,3,★★★★☆,67.7,"10,9,7,4,6","7,10,4",3,○
1111,30,4,★★★★☆,65.7,"8,16,10,1,15","1,3,7",1,×
1111,30,5,★★★★★,76.7,"10,5,4,6,9","9,1,5",2,×
1111,30,7,★★★★★,72.6,"15,11,1,9,4","9,11,7",2,×
1111,30,8,★★★★★,78.4,"10,7,1,11,5","10,3,1",2,×
1111,30,9,★★★★★,71.9,"4,7,9,1,10","4,9,7",3,○
1111,30,10,★★★★☆,68.8,"12,3,8,6,11","13,12,8",2,×
1111,30,11,★★★★★,71.2,"9,10,12,6,15","6,9,15",3,○
1111,30,12,★★★★★,74.9,"9,1,3,8,11","9,3,1",3,○
1111,35,1,★★★★★,72.1,"4,1,5,2,7","1,6,4",2,×
1111,35,2,★★★★★,76.9,"2,9,6,1,7","6,2,9",3,○
1111,35,3,★★★★★,72.7,"10,3,9,1,6","10,3,2",2,×
1111,35,4,★★★★☆,66.3,"5,6,12,11,3","11,6,3",3,○
1111,35,5,★★★★★,77.2,"5,11,4,8,1","5,11,8",3,○
1111,35,6,★★★★☆,68.7,"4,2,7,6,3","5,4,6",2,×
1111,35,7,★★★★★,76.3,"7,5,3,10,9","10,7,11",2,×
1111,35,8,★★★★★,80.7,"11,6,12,2,4","11,4,8",2,×
1111,35,9,★★★★★,77.5,"4,5,2,6,9","5,4,10",2,×
1111,35,10,★★★★★,77.0,"10,4,8,3,7","8,10,3",3,○
1111,35,11,★★★★★,70.3,"1,8,4,3,10","2,1,10",2,×
1111,35,12,★★★★☆,69.2,"2,4,3,10,11","11,6,5",1,×
1111,44,1,★★★★★,73.3,"5,1,8,2,10","5,1,4",2,×
1111,44,2,★★★★★,73.1,"4,8,11,6,13","4,8,6",3,○
1111,44,3,★★★★☆,69.7,"3,6,7,5,1","3,7,6",3,○
1111,44,5,★★★★★,81.2,"3,8,1,6,12","3,7,1",2,×
1111,44,6,★★★★☆,69.5,"2,5,3,6,11","5,3,2",3,○
1111,44,7,★★★★★,70.6,"14,3,2,11,6","2,6,4",2,×
1111,44,8,★★★★★,75.3,"11,5,2,6,1","7,6,2",2,×
1111,44,9,★★★★★,78.1,"12,8,10,2,4","12,8,10",3,○
1111,44,10,★★★★★,71.0,"8,13,2,6,10","13,8,6",3,○
1111,44,11,★★★★★,76.3,"3,11,9,8,1","3,9,11",3,○
1111,44,12,★★★★★,80.3,"11,9,6,2,14","11,9,10",2,×
1111,46,1,★★★★★,72.0,"1,2,9,6,3","1,3,5",2,×
1111,46,2,★★★★★,72.5,"7,6,2,4,3","7,3,6",3,○
1111,46,3,★★★★★,70.5,"3,5,8,9,7","5,9,8",3,○
1111,46,6,★★★★★,76.0,"3,7,2,5,4","3,2,1",2,×
1111,46,7,★★★★☆,67.9,"4,9,2,1,6","9,4,2",3,○
1111,46,9,★★★★☆,66.6,"10,5,3,7,9","3,4,10",2,×
1111,46,10,★★★★★,71.5,"6,7,1,2,3","6,7,9",2,×
1111,46,11,★★★★★,73.3,"7,11,3,4,8","7,5,3",2,×
1111,48,2,★★★★★,77.1,"7,8,3,5,10","10,8,9",2,×
1111,48,3,★★★★★,74.5,"7,3,1,5,4","3,7,1",3,○
1111,48,4,★★★★★,73.5,"10,5,11,9,6","11,10,5",3,○
1111,48,5,★★★★☆,66.9,"11,9,10,2,6","9,11,7",2,×
1111,48,6,★★★★★,72.0,"8,10,5,3,4","8,5,3",3,○
1111,48,7,★★★★★,72.7,"5,2,11,6,1","2,5,11",3,○
1111,48,8,★★★★★,70.5,"8,4,10,9,6","6,8,4",3,○
1111,48,9,★★★★★,70.9,"9,2,7,6,10","6,2,9",3,○
1111,48,10,★★★★★,70.5,"1,3,2,4,10","1,4,3",3,○
1111,48,12,★★★★★,73.4,"6,11,9,1,7","1,11,9",3,○
1111,50,2,★★★★★,71.0,"5,8,2,9,10","5,8,9",3,○
1111,50,3,★★★★★,73.7,"2,3,5,9,7","2,9,10",2,×
1111,50,4,★★★★☆,67.7,"8,5,6,4,7","6,9,8",2,×
1111,50,5,★★★★☆,68.2,"11,9,7,6,10","11,7,10",3,○
1111,50,6,★★★★★,77.8,"3,8,6,7,9","3,10,8",2,×
1111,50,8,★★★★★,72.2,"10,1,8,7,6","10,4,6",2,×
1111,50,9,★★★★☆,68.8,"10,8,2,7,3","7,10,8",3,○
1111,50,10,★★★★★,74.6,"3,4,1,6,5","9,3,4",2,×
1111,50,11,★★★★★,73.0,"11,5,1,2,8","11,12,9",1,×
1112,30,1,★★★★★,79.0,"8,4,9,5,1","8,5,4",3,○
1112,30,2,★★★★☆,69.1,"10,8,9,5,6","9,8,5",3,○
1112,30,3,★★★★★,71.4,"4,6,5,12,10","4,6,5",3,○
1112,30,4,★★★★★,74.9,"5,14,2,8,12","2,3,8",2,×
1112,30,5,★★★★★,72.7,"4,10,2,8,15","4,10,15",3,○
1112,30,6,★★★★☆,69.0,"7,2,8,1,11","7,2,1",3,○
1112,30,7,★★★★☆,65.1,"10,2,8,3,1","8,3,10",3,○
1112,30,8,★★★★☆,66.8,"3,2,1,11,6","2,1,3",3,○
1112,30,9,★★★★★,70.7,"2,10,4,7,5","2,10,4",3,○
1112,30,10,★★★★★,77.7,"2,3,9,4,10","2,3,5",2,×
1112,30,11,★★★★☆,65.9,"3,4,6,8,5","8,4,5",3,○
1112,30,12,★★★★☆,68.7,"13,7,12,1,4","13,4,2",2,×
1112,35,1,★★★★★,73.9,"5,2,9,4,8","5,9,4",3,○
1112,35,2,★★★★★,75.0,"2,4,10,5,8","10,9,2",2,×
1112,35,3,★★★★☆,65.4,"7,4,5,6,9","4,5,9",3,○
1112,35,4,★★★★☆,68.4,"5,1,2,10,4","5,10,11",2,×
1112,35,5,★★★★☆,66.3,"2,6,7,5,4","7,6,2",3,○
1112,35,6,★★★★☆,66.0,"3,5,7,2,6","7,6,5",3,○
1112,35,7,★★★★★,70.1,"1,3,7,8,10","3,7,1",3,○
1112,35,8,★★★★☆,65.8,"3,4,9,5,6","3,8,9",2,×
1112,35,10,★★★★★,76.9,"3,6,2,7,9","3,2,6",3,○
1112,35,12,★★★★☆,68.7,"3,9,6,7,5","2,3,4",1,×
1112,44,1,★★★★☆,67.4,"3,12,5,1,7","1,3,7",3,○
1112,44,2,★★★★☆,68.8,"9,8,3,15,7","3,13,1",1,×
1112,44,3,★★★★★,70.9,"1,5,4,7,3","5,1,2",2,×
1112,44,4,★★★★★,76.3,"7,8,3,9,11","13,7,10",1,×
1112,44,5,★★★★★,71.4,"10,2,9,3,1","2,7,3",2,×
1112,44,6,★★★★★,73.6,"6,1,13,12,3","1,6,9",2,×
1112,44,7,★★★★☆,69.0,"11,9,4,8,6","11,12,7",1,×
1112,44,8,★★★★★,77.3,"7,6,3,10,9","7,2,5",1,×
1112,44,9,★★★★★,73.5,"6,7,11,2,1","11,6,4",2,×
1112,44,10,★★★★★,75.6,"4,3,7,5,2","7,4,3",3,○
1112,44,11,★★★★☆,66.6,"5,12,10,4,3","12,5,4",3,○
1112,48,1,★★★★★,73.8,"7,11,5,10,6","7,10,5",3,○
1112,48,2,★★★★★,73.9,"11,6,10,3,4","6,11,10",3,○
1112,48,3,★★★★★,73.0,"11,9,5,12,7","11,1,9",2,×
1112,48,4,★★★★★,77.2,"5,11,10,3,6","5,7,3",2,×
1112,48,5,★★★★★,76.1,"11,6,7,10,5","7,6,11",3,○
1112,48,6,★★★★★,70.2,"6,8,1,4,11","6,1,8",3,○
1112,48,7,★★★★☆,68.7,"4,6,1,5,9","4,9,1",3,○
1112,48,8,★★★★★,72.7,"11,3,4,9,5","11,3,9",3,○
1112,48,9,★★★★★,70.8,"1,10,5,2,11","10,1,2",3,○
1112,48,11,★★★★★,70.6,"2,7,1,6,4","2,6,4",3,○
1112,48,12,★★★★★,81.5,"3,6,11,5,8","3,9,5",2,×
1112,50,1,★★★★★,75.3,"1,4,10,9,2","10,4,1",3,○
1112,50,3,★★★★☆,68.4,"2,5,4,3,1","4,2,5",3,○
1112,50,4,★★★★☆,66.4,"2,5,9,10,8","5,2,8",3,○
1112,50,5,★★★★★,77.5,"7,1,8,11,5","7,11,8",3,○
1112,50,6,★★★★☆,65.8,"4,7,2,6,3","4,7,10",2,×
1112,50,7,★★★★★,71.9,"2,3,1,5,4","6,2,4",2,×
1112,50,8,★★★★☆,68.9,"10,8,9,1,5","8,10,5",3,○
1112,50,9,★★★★★,72.1,"10,9,4,7,8","4,6,10",2,×
1112,50,10,★★★★★,73.4,"6,4,3,2,5","2,6,3",3,○
1112,50,12,★★★★★,73.6,"3,9,10,1,11","10,6,9",2,×
1113,30,1,★★★★★,71.5,"8,10,6,7,2","8,10,5",2,×
1113,30,2,★★★★☆,68.4,"1,8,12,6,4","8,12,1",3,○
1113,30,3,★★★★★,71.7,"7,11,4,6,2","7,11,4",3,○
1113,30,5,★★★★☆,65.8,"3,8,10,11,7","7,3,4",2,×
1113,30,7,★★★★★,71.3,"2,13,10,15,8","15,4,13",2,×
1113,30,8,★★★★★,76.2,"5,9,11,12,8","5,9,3",2,×
1113,30,9,★★★★★,74.7,"7,4,3,5,2","7,3,1",2,×
1113,30,10,★★★★★,72.0,"5,10,6,9,7","5,11,3",1,×
1113,30,11,★★★★★,71.8,"5,4,8,6,10","4,8,3",2,×
1113,30,12,★★★★★,74.7,"8,10,5,3,7","8,10,3",3,○
1113,44,1,★★★★★,75.8,"7,10,12,3,5","5,6,12",2,×
1113,44,2,★★★★★,80.2,"2,3,13,1,12","4,12,13",2,×
1113,44,3,★★★★★,72.2,"8,7,9,4,2","9,7,8",3,○
1113,44,4,★★★★★,73.3,"10,2,4,1,8","2,10,1",3,○
1113,44,5,★★★★☆,66.1,"9,7,6,3,8","9,3,6",3,○
1113,44,6,★★★★★,71.6,"8,4,1,10,9","8,4,1",3,○
1113,44,8,★★★★★,73.8,"13,11,5,7,6","1,13,11",2,×
1113,44,9,★★★★★,75.4,"10,2,12,7,3","10,12,13",2,×
1113,44,10,★★★★★,71.3,"4,1,13,16,5","4,16,13",3,○
1113,44,12,★★★★★,76.8,"2,12,6,10,9","2,6,12",3,○
1113,48,1,★★★★★,74.8,"8,9,4,10,1","8,9,5",2,×
1113,48,2,★★★★★,73.7,"9,1,2,5,10","10,9,4",2,×
1113,48,3,★★★★★,76.9,"9,7,5,4,2","9,7,8",2,×
1113,48,4,★★★★★,72.9,"5,6,9,2,10","10,9,6",3,○
1113,48,5,★★★★☆,67.3,"2,6,3,5,11","5,6,8",2,×
1113,48,6,★★★★☆,69.8,"1,3,8,9,6","10,11,9",1,×
1113,48,7,★★★★★,73.4,"8,9,3,7,5","10,8,9",2,×
1113,48,8,★★★★★,77.0,"11,9,8,1,5","11,1,6",2,×
1113,48,9,★★★★☆,66.8,"8,4,10,9,7","4,8,10",3,○
1113,48,11,★★★★★,74.0,"7,8,6,3,9","6,8,9",3,○
1113,48,12,★★★★★,71.0,"10,3,8,7,11","3,10,7",3,○
1113,50,1,★★★★★,76.1,"5,2,3,8,1","5,2,4",2,×
1113,50,3,★★★★★,74.0,"1,7,10,8,5","7,1,10",3,○
1113,50,4,★★★★★,74.3,"5,10,12,1,11","10,12,5",3,○
1113,50,6,★★★★☆,66.4,"6,3,7,2,9","6,10,2",2,×
1113,50,7,★★★★★,71.2,"10,8,4,3,7","5,10,9",1,×
1113,50,9,★★★★★,73.7,"4,10,8,3,5","4,10,8",3,○
1113,50,10,★★★★★,73.6,"3,6,5,8,7","3,1,7",2,×
1113,50,11,★★★★☆,66.0,"8,7,9,5,1","12,9,5",2,×
1113,50,12,★★★★★,71.4,"1,8,7,4,2","8,1,4",3,○
1114,44,1,★★★★☆,65.9,"4,11,9,10,6","4,6,8",2,×
1114,44,2,★★★★☆,67.9,"9,4,1,3,7","10,2,9",1,×
1114,44,3,★★★★☆,67.6,"6,10,7,3,1","8,1,10",2,×
1114,44,5,★★★★☆,68.7,"2,5,9,6,10","5,2,6",3,○
1114,44,6,★★★★★,74.6,"11,12,4,3,13","12,11,3",3,○
1114,44,7,★★★★★,71.0,"10,5,8,12,6","8,5,10",3,○
1114,44,8,★★★★★,72.7,"4,8,9,6,14","4,8,6",3,○
1114,44,9,★★★★★,73.6,"1,12,4,3,5","12,9,4",2,×
1114,44,11,★★★★☆,68.6,"12,4,7,5,11","4,12,5",3,○
1114,44,12,★★★★★,70.2,"4,8,1,2,16","4,2,9",2,×
1114,47,1,★★★★☆,69.6,"2,8,10,9,7","2,10,5",2,×
1114,47,3,★★★★☆,66.7,"3,9,10,2,1","9,3,1",3,○
1114,47,4,★★★★☆,66.9,"6,3,1,2,7","3,6,7",3,○
1114,47,5,★★★★☆,65.7,"8,7,3,5,6","3,7,4",2,×
1114,47,6,★★★★★,72.6,"8,2,5,4,3","8,4,3",3,○
1114,47,7,★★★★☆,65.3,"1,2,4,6,10","1,2,10",3,○
1114,47,9,★★★★☆,67.8,"2,1,4,3,9","3,4,5",2,×
1114,47,10,★★★★★,73.3,"9,3,4,6,2","6,1,4",2,×
1114,47,12,★★★★☆,65.1,"3,1,4,5,9","4,2,1",2,×
1115,54,1,★★★★★,76.1,"2,3,7,8,5","2,3,4",2,×
1115,54,2,★★★★★,71.4,"4,10,1,9,2","7,4,6",1,×
1115,54,3,★★★★☆,68.2,"5,2,4,7,3","5,2,6",2,×
1115,54,4,★★★★★,71.5,"10,9,3,1,5","10,2,9",2,×
1115,54,5,★★★★☆,66.8,"6,9,1,2,10","10,1,6",3,○
1115,54,6,★★★★★,73.3,"11,9,6,4,5","11,9,1",2,×
1115,54,7,★★★★★,75.6,"9,8,1,4,3","9,8,10",2,×
1115,54,9,★★★★★,72.2,"4,2,6,10,7","4,1,2",2,×
1115,54,10,★★★★☆,68.3,"8,10,2,6,4","4,11,3",1,×
1115,54,11,★★★★★,71.9,"4,9,8,7,5","4,7,8",3,○
1115,54,12,★★★★★,76.1,"11,9,7,2,3","11,12,2",2,×
1115,55,1,★★★★★,77.5,"7,11,10,5,2","7,11,1",2,×
1115,55,2,★★★★★,70.5,"3,5,4,2,6","3,2,6",3,○
1115,55,3,★★★★☆,67.1,"7,2,1,3,6","4,7,5",1,×
1115,55,5,★★★★★,79.0,"3,8,11,7,1","8,3,5",2,×
1115,55,6,★★★★★,73.2,"2,7,6,11,1","2,1,8",2,×
1115,55,7,★★★★★,74.4,"11,9,4,5,2","11,8,10",1,×
1115,55,8,★★★★☆,68.3,"6,9,2,5,8","2,4,5",2,×
1115,55,9,★★★★★,75.8,"9,3,6,7,2","11,9,4",1,×
1115,55,10,★★★★☆,69.3,"1,7,5,2,11","1,10,5",2,×
1115,55,11,★★★★☆,69.6,"10,3,6,2,8","8,2,4",2,×
1116,35,2,★★★★☆,69.0,"10,9,5,6,4","5,10,2",2,×
1116,35,3,★★★★★,72.5,"8,1,4,3,11","4,1,8",3,○
1116,35,4,★★★★★,71.9,"1,5,3,9,2","1,5,4",2,×
1116,35,5,★★★★☆,67.0,"6,5,10,1,2","1,6,2",3,○
1116,35,6,★★★★★,70.2,"7,2,8,9,5","7,2,1",2,×
1116,35,7,★★★★★,70.6,"1,8,5,4,6","1,3,2",1,×
1116,35,8,★★★★★,78.1,"2,11,4,7,5","2,9,6",1,×
1116,35,9,★★★★★,81.0,"10,9,8,11,2","10,1,5",1,×
1116,35,10,★★★★★,75.3,"1,3,7,10,8","1,10,8",3,○
1116,35,12,★★★★★,71.1,"7,9,10,11,4","7,2,6",1,×
1116,46,2,★★★★★,73.3,"3,2,1,8,7","3,8,2",3,○
1116,46,3,★★★★☆,69.3,"2,4,5,3,1","2,1,5",3,○
1116,46,4,★★★★☆,66.3,"3,6,2,5,8","3,1,6",2,×
1116,46,5,★★★★★,72.4,"2,1,4,3,5","2,4,3",3,○
1116,46,6,★★★★★,70.4,"6,1,4,7,2","4,6,1",3,○
1116,46,7,★★★★☆,66.7,"6,4,7,5,3","4,7,6",3,○
1116,46,8,★★★★★,72.7,"4,6,3,8,1","4,5,6",2,×
1116,46,9,★★★★★,70.4,"2,5,8,10,11","7,5,1",1,×
1116,46,10,★★★★★,77.7,"10,2,7,4,9","6,4,10",2,×
1116,54,1,★★★★☆,69.6,"5,7,9,4,6","7,4,5",3,○
1116,54,3,★★★★★,71.6,"6,8,5,10,1","8,6,10",3,○
1116,54,4,★★★★★,73.4,"2,4,6,5,8","2,5,6",3,○
1116,54,5,★★★★★,76.7,"12,4,2,3,7","12,6,4",2,×
1116,54,6,★★★★★,70.5,"9,4,11,10,8","9,6,5",1,×
1116,54,7,★★★★☆,69.0,"9,2,11,8,7","9,11,2",3,○
1116,54,8,★★★★★,78.5,"1,7,4,5,8","1,4,7",3,○
1116,54,9,★★★★★,73.5,"9,4,1,2,3","9,10,2",2,×
1116,54,10,★★★★☆,68.5,"2,7,4,6,8","5,8,6",2,×
1116,54,11,★★★★☆,65.5,"6,2,3,8,5","6,5,4",2,×
1116,54,12,★★★★★,71.8,"4,6,5,10,1","12,1,4",2,×
1116,55,3,★★★★★,76.7,"5,8,4,3,7","5,1,8",2,×
1116,55,4,★★★★★,70.1,"8,11,6,9,2","11,6,8",3,○
1116,55,5,★★★★★,70.2,"6,4,2,1,7","3,11,6",1,×
1116,55,7,★★★★☆,68.6,"11,12,5,10,7","12,11,10",3,○
1116,55,9,★★★★★,72.7,"8,7,6,2,9","2,8,6",3,○
1116,55,10,★★★★★,72.1,"5,10,2,6,4","5,11,1",1,×
1116,55,11,★★★★★,73.6,"2,9,8,5,4","2,9,6",2,×
1117,35,2,★★★★★,75.1,"10,5,11,7,2","7,10,11",3,○
1117,35,3,★★★★★,76.6,"9,7,6,1,8","9,4,1",2,×
1117,35,4,★★★★☆,67.2,"7,5,1,3,8","7,1,3",3,○
1117,35,5,★★★★★,75.6,"10,8,1,9,6","10,8,5",2,×
1117,35,6,★★★★☆,65.8,"11,9,2,10,7","9,8,11",2,×
1117,35,7,★★★★☆,68.1,"9,12,3,8,11","12,11,7",2,×
1117,35,8,★★★★☆,65.5,"3,6,4,11,12","5,1,3",1,×
1117,35,9,★★★★★,71.1,"2,9,10,4,7","9,4,2",3,○
1117,35,10,★★★★★,71.4,"1,7,2,6,4","2,1,3",2,×
1117,35,11,★★★★★,72.1,"1,8,9,4,2","1,2,5",2,×
1117,35,12,★★★★☆,67.3,"9,6,5,8,1","5,4,8",2,×
1117,45,1,★★★★★,71.7,"2,4,3,5,7","2,5,1",2,×
1117,45,4,★★★★★,74.8,"10,6,7,5,8","10,7,6",3,○
1117,45,5,★★★★☆,68.9,"2,10,3,4,7","3,2,10",3,○
1117,45,6,★★★★★,72.6,"7,6,12,11,3","11,6,12",3,○
1117,45,7,★★★★★,79.4,"1,5,3,11,12","1,11,5",3,○
1117,45,8,★★★★☆,67.1,"12,10,11,13,14","1,14,13",2,×
1117,45,9,★★★★★,70.3,"14,9,1,2,4","14,10,12",1,×
1117,45,10,★★★★★,74.7,"12,9,5,6,4","6,12,8",2,×
1117,45,11,★★★★☆,69.8,"9,2,5,6,11","9,5,10",2,×
1117,45,12,★★★★★,80.5,"8,3,9,5,12","8,9,5",3,○
1117,46,1,★★★★☆,67.8,"6,7,5,2,1","7,3,2",2,×
1117,46,2,★★★★☆,69.1,"2,4,7,8,5","2,4,7",3,○
1117,46,3,★★★★☆,68.4,"7,1,3,2,8","7,3,2",3,○
1117,46,4,★★★★☆,66.2,"7,4,1,2,5","7,4,1",3,○
1117,46,5,★★★★☆,65.2,"5,1,4,7,8","5,4,1",3,○
1117,46,6,★★★★★,70.4,"5,7,3,4,1","5,3,7",3,○
1117,46,7,★★★★☆,66.8,"2,8,4,7,1","2,1,7",3,○
1117,46,8,★★★★☆,65.4,"7,4,6,1,2","7,1,4",3,○
1117,46,10,★★★★★,75.9,"10,9,3,2,1","10,3,9",3,○
1117,46,11,★★★★☆,67.1,"4,9,7,10,2","11,3,8",0,×
1117,46,12,★★★★★,71.0,"1,4,9,12,5","4,2,12",2,×
1118,35,1,★★★★★,71.0,"1,5,4,8,7","4,1,8",3,○
1118,35,2,★★★★★,76.6,"3,10,1,7,9","3,10,6",2,×
1118,35,3,★★★★☆,69.3,"8,4,9,3,6","8,3,9",3,○
1118,35,4,★★★★★,74.6,"10,2,5,9,4","4,2,10",3,○
1118,35,6,★★★★★,79.9,"6,9,2,12,10","6,1,5",1,×
1118,35,7,★★★★★,76.7,"2,6,7,4,3","2,7,3",3,○
1118,35,8,★★★★★,73.4,"7,2,1,10,8","9,7,2",2,×
1118,35,9,★★★★★,77.5,"10,3,8,7,2","10,2,6",2,×
1118,35,10,★★★★★,74.2,"12,10,2,11,6","2,4,10",2,×
1118,35,11,★★★★☆,65.0,"10,3,8,7,4","3,1,2",1,×
1118,35,12,★★★★★,76.3,"9,5,1,4,7","6,8,7",1,×
1118,45,1,★★★★★,76.7,"7,10,6,4,8","7,6,4",3,○
1118,45,3,★★★★☆,66.6,"7,5,11,10,2","7,11,5",3,○
1118,45,4,★★★★★,72.9,"2,11,5,1,6","2,1,5",3,○
1118,45,5,★★★★★,73.4,"4,9,12,2,1","7,12,4",2,×
1118,45,6,★★★★★,77.0,"6,3,5,7,14","14,6,9",2,×
1118,45,8,★★★★★,75.5,"10,9,2,6,8","6,10,5",2,×
1118,45,9,★★★★☆,68.1,"5,9,10,8,4","11,4,5",2,×
1118,45,10,★★★★☆,68.6,"9,5,6,4,2","9,4,5",3,○
1118,45,11,★★★★☆,68.3,"8,2,11,3,7","8,2,4",2,×
1118,45,12,★★★★★,73.5,"4,11,7,6,13","4,9,8",1,×
1118,47,1,★★★★☆,66.3,"6,8,4,1,2","2,6,8",3,○
1118,47,2,★★★★★,72.4,"4,3,5,7,9","3,4,7",3,○
1118,47,5,★★★★★,76.4,"1,11,5,3,12","5,1,3",3,○
1118,47,6,★★★★☆,68.0,"5,6,7,3,1","5,6,1",3,○
1118,47,7,★★★★☆,66.2,"6,5,9,3,7","6,9,5",3,○
1118,47,8,★★★★☆,69.2,"5,1,3,2,8","1,8,2",3,○
1118,47,9,★★★★☆,68.7,"8,3,1,5,9","3,1,5",3,○
1118,47,11,★★★★☆,65.8,"2,10,7,4,9","10,9,7",3,○
1118,47,12,★★★★★,75.8,"3,5,8,6,2","3,6,9",2,×
1118,50,1,★★★★☆,65.7,"10,2,9,1,5","9,10,2",3,○
1118,50,2,★★★★★,70.1,"1,9,6,2,7","9,6,2",3,○
1118,50,3,★★★★☆,65.2,"8,7,3,6,9","6,11,10",1,×
1118,50,4,★★★★★,70.4,"3,8,9,4,11","9,7,4",2,×
1118,50,5,★★★★★,75.3,"4,2,11,1,6","2,4,11",3,○
1118,50,6,★★★★☆,66.7,"7,4,8,6,2","7,8,2,10",3,○
1118,50,7,★★★★★,71.3,"9,4,1,10,6","10,6,9",3,○
1118,50,8,★★★★☆,68.7,"5,2,7,4,9","5,2,7",3,○
1118,50,9,★★★★★,71.9,"11,4,1,8,6","4,11,1",3,○
1118,50,10,★★★★★,77.7,"11,8,9,3,6","11,6,3",3,○
1118,50,12,★★★★☆,69.3,"5,10,3,2,7","4,10,5",2,×
1119,45,1,★★★★★,71.3,"4,1,7,3,8","4,1,3",3,○
1119,45,2,★★★★★,72.0,"2,8,4,7,1","2,8,7",3,○
1119,45,3,★★★★★,75.5,"5,3,9,1,12","5,3,4",2,×
1119,45,4,★★★★★,77.2,"8,1,10,5,3","8,10,5",3,○
1119,45,5,★★★★★,75.8,"5,8,7,9,12","5,8,9",3,○
1119,45,6,★★★★★,79.9,"1,6,2,12,10","1,6,5",2,×
1119,45,7,★★★★★,76.4,"8,9,3,2,1","8,9,2",3,○
1119,45,8,★★★★★,74.0,"8,7,1,4,11","8,7,3",2,×
1119,45,9,★★★★☆,69.0,"8,3,6,9,1","3,6,8",3,○
1119,45,10,★★★★☆,69.7,"5,4,12,10,2","5,12,4",3,○
1119,45,11,★★★★☆,69.1,"1,9,5,6,7","1,9,5",3,○
1119,47,1,★★★★★,72.9,"5,2,1,6,8","5,1,7",2,×
1119,47,2,★★★★★,74.4,"10,9,5,1,7","10,9,5",3,○
1119,47,3,★★★★★,71.4,"8,7,4,1,3","8,4,3",3,○
1119,47,4,★★★★★,72.6,"6,8,10,3,1","6,10,8",3,○
1119,47,6,★★★★★,78.0,"10,7,2,3,8","10,4,6",1,×
1119,47,7,★★★★☆,67.8,"6,2,1,8,10","6,3,2",2,×
1119,47,9,★★★★★,72.5,"10,4,7,3,9","4,10,9",3,○
1119,47,10,★★★★☆,67.6,"4,5,2,8,1","4,8,2",3,○
1119,47,11,★★★★☆,65.9,"3,2,7,6,8","6,4,2",2,×
1119,47,12,★★★★☆,69.4,"7,6,5,3,1","5,6,7",3,○
1119,50,1,★★★★★,70.6,"9,6,5,4,3","4,5,8",2,×
1119,50,2,★★★★★,76.3,"2,8,7,4,6","8,2,7",3,○
1119,50,3,★★★★★,71.0,"9,7,10,5,1","5,10,7",3,○
1119,50,6,★★★★★,70.1,"12,8,2,9,10","9,8,5",2,×
1119,50,7,★★★★☆,69.3,"8,3,9,10,7","8,3,9",3,○
1119,50,8,★★★★★,73.9,"5,4,6,2,3","5,4,3",3,○
1119,50,9,★★★★★,75.8,"7,9,1,5,10","9,7,2",2,×
1119,50,10,★★★★★,70.2,"1,7,8,12,4","4,2,1",2,×
1119,50,11,★★★★☆,65.8,"10,2,3,9,11","10,3,4",2,×
1119,50,12,★★★★★,72.9,"6,7,12,1,5","6,12,7",3,○
1120,45,1,★★★★☆,65.9,"6,1,7,5,8","6,7,1",3,○
1120,45,2,★★★★☆,68.7,"7,1,4,6,2","1,3,7",2,×
1120,45,3,★★★★☆,67.2,"5,2,10,1,3","2,4,5",2,×
1120,45,4,★★★★☆,69.8,"1,2,9,5,10","2,1,9",3,○
1120,45,5,★★★★★,71.4,"4,10,11,2,7","4,12,6",1,×
1120,45,6,★★★★★,73.2,"10,9,11,3,5","10,4,2",1,×
1120,45,7,★★★★★,75.4,"7,3,2,4,8","5,7,2",2,×
1120,45,8,★★★★★,73.1,"11,1,4,8,12","4,3,11",2,×
1120,45,9,★★★★☆,67.7,"10,11,7,12,2","7,10,2",3,○
1120,45,10,★★★★★,71.8,"3,10,8,13,5","3,8,2",2,×
1120,45,11,★★★★☆,68.4,"3,10,7,6,9","10,3,6",3,○
1120,45,12,★★★★★,72.6,"1,6,9,3,4","6,4,1",3,○
1120,48,1,★★★★★,81.0,"7,2,5,4,1","7,4,2",3,○
1120,48,2,★★★★★,76.0,"3,6,1,12,4","3,10,8",1,×
1120,48,3,★★★★☆,68.7,"4,5,11,3,6","4,3,6",3,○
1120,48,5,★★★★☆,68.1,"12,5,1,11,4","5,11,4",3,○
1120,48,6,★★★★★,71.0,"5,11,8,2,12","5,11,8",3,○
1120,48,8,★★★★★,76.3,"7,6,9,12,10","7,6,10",3,○
1120,48,9,★★★★☆,69.5,"12,9,7,4,5","12,9,7",3,○
1120,48,10,★★★★★,80.7,"9,8,12,7,5","9,11,2",1,×
1120,48,11,★★★★☆,68.8,"5,2,12,7,4","12,1,5",2,×
1120,48,12,★★★★★,75.1,"3,11,8,6,9","3,2,11",2,×
1120,50,1,★★★★★,72.4,"5,2,9,1,3","2,5,8",2,×
1120,50,4,★★★★★,74.4,"8,9,1,3,4","8,3,4",3,○
1120,50,5,★★★★★,78.8,"10,3,9,7,11","10,8,1",1,×
1120,50,6,★★★★★,71.5,"4,7,3,10,6","9,4,3",2,×
1120,50,7,★★★★★,73.4,"4,6,7,1,5","4,7,3",2,×
1120,50,9,★★★★☆,68.4,"3,4,8,6,9","8,3,6",3,○
1120,50,10,★★★★★,70.9,"3,6,4,1,5","3,6,4",3,○
1120,50,11,★★★★☆,69.8,"8,9,10,1,7","7,8,1",3,○
1120,50,12,★★★★★,71.5,"12,7,3,6,10","7,12,11",2,×
1121,45,1,★★★★☆,69.9,"2,1,5,4,3","1,2,4",3,○
1121,45,3,★★★★☆,68.3,"5,7,6,4,1","5,7,1",3,○
1121,45,4,★★★★☆,66.1,"3,7,1,4,5","3,7,5",3,○
1121,45,5,★★★★☆,68.2,"8,5,3,1,2","3,2,8",3,○
1121,45,6,★★★★★,77.1,"4,1,9,10,7","4,1,6",2,×
1121,45,7,★★★★☆,69.1,"7,11,9,12,6","11,7,2",2,×
1121,45,8,★★★★☆,65.3,"9,8,5,4,7","3,8,1",1,×
1121,45,9,★★★★★,70.8,"2,5,10,9,3","9,5,3",3,○
1121,45,10,★★★★★,74.1,"6,2,1,13,4","6,13,2",3,○
1121,45,11,★★★★★,70.1,"4,5,7,2,6","4,2,9",2,×
1121,45,12,★★★★★,71.5,"14,9,6,1,3","11,2,14",1,×
1121,48,1,★★★★★,74.8,"1,8,10,4,11","10,8,1",3,○
1121,48,2,★★★★☆,67.4,"11,8,5,1,3","8,11,5",3,○
1121,48,3,★★★★★,74.1,"11,6,7,12,9","6,11,7",3,○
1121,48,4,★★★★☆,66.3,"8,6,3,2,4","6,7,8",2,×
1121,48,5,★★★★☆,69.4,"5,9,8,7,4","8,5,9",3,○
1121,48,6,★★★★★,73.9,"11,9,7,8,2","9,11,8",3,○
1121,48,7,★★★★☆,66.1,"6,7,1,10,5","6,7,1",3,○
1121,48,8,★★★★★,70.8,"6,8,3,7,9","6,11,3",2,×
1121,48,9,★★★★☆,68.8,"9,7,2,8,4","9,2,4",3,○
1121,48,10,★★★★★,73.2,"6,2,8,4,10","8,11,2",2,×
1121,48,11,★★★★★,76.2,"8,2,4,3,9","8,9,4",3,○
1122,55,1,★★★★★,78.0,"8,6,9,1,10","8,9,10",3,○
1122,55,2,★★★★☆,68.5,"10,4,1,3,2","1,3,6",2,×
1122,55,3,★★★★★,71.3,"3,8,2,7,6","2,3,8",3,○
1122,55,4,★★★★★,70.8,"7,6,4,11,12","4,6,7",3,○
1122,55,5,★★★★★,71.8,"1,6,11,3,8","7,1,11",2,×
1122,55,6,★★★★☆,66.0,"5,4,8,2,6","2,4,6",3,○
1122,55,7,★★★★★,70.6,"10,5,11,4,1","6,5,12",1,×
1122,55,8,★★★★☆,68.9,"6,8,7,2,9","6,2,7",3,○
1122,55,9,★★★★★,76.9,"9,11,4,6,8","9,11,7",2,×
1123,46,1,★★★★☆,68.6,"5,8,2,7,1","5,8,2",3,○
1123,46,2,★★★★★,73.7,"2,6,1,7,4","2,7,6",3,○
1123,46,3,★★★★★,70.2,"6,2,1,3,4","6,2,1",3,○
1123,46,4,★★★★★,73.4,"2,4,7,3,6","3,2,4",3,○
1123,46,5,★★★★★,74.3,"5,3,4,2,7","5,4,1",2,×
1123,46,6,★★★★★,75.1,"2,4,8,1,5","2,4,8",3,○
1123,46,7,★★★★☆,65.1,"5,1,3,7,6","3,1,5",3,○
1123,46,8,★★★★☆,67.0,"3,1,11,2,9","8,3,9",2,×
1123,46,9,★★★★★,73.8,"9,2,11,6,8","9,6,2",3,○
1123,46,11,★★★★☆,68.5,"5,6,3,1,2","5,1,3",3,○
1123,54,1,★★★★★,71.8,"3,9,2,6,5","9,3,5",3,○
1123,54,2,★★★★☆,69.6,"1,5,7,2,4","1,2,5",3,○
1123,54,3,★★★★☆,66.7,"7,8,3,9,2","8,7,3",3,○
1123,54,4,★★★★☆,67.9,"1,5,9,7,2","5,9,3",2,×
1123,54,6,★★★★☆,68.4,"8,4,5,7,6","8,4,5",3,○
1123,54,7,★★★★★,70.6,"10,9,3,5,2","10,1,9",2,×
1123,54,8,★★★★★,74.7,"6,7,4,3,8","5,1,7",1,×
1123,54,9,★★★★☆,65.1,"10,5,4,7,1","7,10,2",2,×
1123,54,10,★★★★★,73.0,"2,3,6,7,5","2,3,4",2,×
1123,54,11,★★★★★,72.6,"2,4,7,3,11","2,11,5",2,×
1123,55,1,★★★★★,71.0,"8,11,2,6,4","8,4,11",3,○
1123,55,2,★★★★☆,66.7,"6,4,7,5,8","6,7,4",3,○
1123,55,3,★★★★☆,69.8,"10,9,4,2,3","9,4,7",2,×
1123,55,4,★★★★★,75.3,"4,3,11,2,9","3,4,9",3,○
1123,55,5,★★★★★,74.4,"12,5,1,9,2","12,5,1",3,○
1123,55,6,★★★★☆,68.8,"3,1,2,6,4","2,3,4",3,○
1123,55,7,★★★★☆,69.1,"5,3,10,9,7","10,11,5",2,×
1123,55,8,★★★★★,73.2,"8,9,5,11,4","8,1,9",2,×
1123,55,9,★★★★★,78.3,"10,11,3,4,2","4,10,7",2,×
1124,36,1,★★★★☆,68.0,"5,4,8,1,6","4,5,7",2,×
1124,36,2,★★★★★,71.5,"1,2,7,4,5","1,2,8",2,×
1124,36,3,★★★★★,80.2,"11,1,9,6,5","11,9,3",2,×
1124,36,4,★★★★☆,68.5,"1,5,4,7,3","7,3,5",3,○
1124,36,5,★★★★☆,67.5,"6,3,11,9,5","7,1,6",1,×
1124,36,6,★★★★★,78.0,"8,10,9,7,6","8,1,3",1,×
1124,36,7,★★★★★,72.7,"3,8,10,5,1","2,3,6",1,×
1124,36,8,★★★★★,73.0,"7,10,5,9,11","7,10,4",2,×
1124,36,9,★★★★★,79.7,"6,3,5,8,11","10,3,2",1,×
1124,36,12,★★★★★,71.8,"8,6,5,7,2","8,6,5",3,○
1124,46,1,★★★★★,71.9,"2,8,7,1,6","7,2,1",3,○
1124,46,3,★★★★★,70.8,"2,1,3,5,7","8,5,1",2,×
1124,46,4,★★★★☆,67.6,"4,3,1,5,2","1,4,3",3,○
1124,46,6,★★★★★,71.1,"4,7,9,2,5","7,4,2",3,○
1124,46,7,★★★★★,72.5,"10,6,1,5,9","10,2,3",1,×
1124,46,9,★★★★☆,68.9,"8,5,9,2,7","2,4,5",2,×
1124,46,10,★★★★☆,69.8,"3,7,5,6,10","3,6,2",2,×
1124,54,1,★★★★☆,66.0,"4,2,6,3,5","4,2,3",3,○
1124,54,2,★★★★☆,68.2,"7,5,6,1,4","5,3,4",2,×
1124,54,3,★★★★★,70.0,"5,8,9,1,4","9,8,4",3,○
1124,54,5,★★★★☆,66.3,"1,7,8,2,9","2,6,7",2,×
1124,54,6,★★★★★,75.6,"8,6,5,1,7","8,5,7",3,○
1124,54,7,★★★★☆,68.6,"5,6,10,3,8","8,10,5",3,○
1124,54,8,★★★★★,71.4,"8,5,7,3,10","8,9,5",2,×
1124,54,9,★★★★★,74.4,"9,8,5,6,4","9,8,5",3,○
1124,54,10,★★★★★,72.7,"8,3,1,7,4","3,7,1",3,○
1124,54,11,★★★★★,71.7,"1,4,2,5,9","7,8,2",1,×
1124,54,12,★★★★☆,66.5,"9,8,2,11,6","9,8,6",3,○
1124,55,1,★★★★★,72.8,"3,6,5,2,4","3,6,2",3,○
1124,55,2,★★★★☆,67.5,"7,3,6,11,4","6,7,11",3,○
1124,55,3,★★★★☆,67.0,"11,3,8,5,6","8,11,3",3,○
1124,55,4,★★★★★,70.6,"5,1,10,6,8","1,5,6",3,○
1124,55,5,★★★★★,77.4,"2,11,4,12,6","2,12,11",3,○
1124,55,6,★★★★★,76.4,"7,3,11,1,10","7,3,9",2,×
1124,55,8,★★★★★,76.6,"9,11,3,5,1","9,2,1",2,×
1125,36,1,★★★★★,72.5,"8,5,9,10,3","8,5,1",2,×
1125,36,3,★★★★☆,69.8,"8,10,6,2,4","10,8,1",2,×
1125,36,4,★★★★☆,69.8,"2,9,6,3,5","2,9,10",2,×
1125,36,5,★★★★★,76.8,"4,2,5,10,3","2,8,4",2,×
1125,36,6,★★★★☆,67.4,"7,1,2,4,8","1,8,4",3,○
1125,36,7,★★★★☆,68.5,"7,6,4,5,9","4,7,9",3,○
1125,36,8,★★★★★,74.6,"6,10,9,1,2","6,7,8",1,×
1125,36,9,★★★★★,75.6,"8,2,1,3,4","8,1,3",3,○
1125,36,10,★★★★☆,66.7,"3,6,5,11,10","3,11,9",2,×
1125,36,11,★★★★★,73.4,"3,6,11,4,10","6,5,3",2,×
1125,36,12,★★★★★,73.9,"11,3,4,8,1","9,11,5",1,×
1125,42,1,★★★★☆,67.2,"12,9,2,3,6","9,12,4",2,×
1125,42,2,★★★★☆,65.5,"8,7,3,1,9","8,7,11",2,×
1125,42,3,★★★★☆,66.6,"3,2,5,4,1","4,5,2",3,○
1125,42,4,★★★★☆,68.4,"3,4,5,2,1","4,3,1",3,○
1125,42,5,★★★★☆,67.6,"8,12,11,4,2","6,4,2",2,×
1125,42,6,★★★★☆,68.3,"2,12,8,4,1","2,10,5",1,×
1125,42,7,★★★★★,77.8,"7,9,2,6,4","9,2,7",3,○
1125,42,8,★★★★☆,69.0,"9,12,4,1,7","4,5,8",1,×
1125,42,9,★★★★★,70.4,"1,5,2,9,10","2,6,1",2,×
1125,42,10,★★★★☆,69.9,"10,9,2,1,7","6,8,9",1,×
1125,42,11,★★★★★,76.8,"2,9,8,12,4","2,9,12",3,○
1125,42,12,★★★★☆,65.8,"12,10,2,8,3","4,3,10",2,×
1125,46,1,★★★★☆,66.9,"4,7,1,6,5","4,7,1",3,○
1125,46,2,★★★★★,77.5,"6,3,7,8,9","6,3,8",3,○
1125,46,3,★★★★★,73.8,"2,4,1,8,7","2,3,9",1,×
1125,46,4,★★★★☆,67.1,"2,3,6,1,8","3,1,8",3,○
1125,46,5,★★★★☆,68.4,"3,4,9,1,8","4,3,9",3,○
1125,46,6,★★★★☆,69.3,"2,7,3,4,1","4,3,2",3,○
1125,46,7,★★★★★,70.5,"5,9,6,3,4","3,2,5",2,×
1125,46,8,★★★★☆,65.3,"2,3,8,5,1","2,9,5",2,×
1125,46,9,★★★★★,75.8,"5,6,8,10,4","10,1,2",1,×
1125,46,10,★★★★☆,68.5,"1,9,4,8,11","1,11,8",3,○
1125,46,11,★★★★★,72.6,"3,5,9,11,4","3,2,8",1,×
1125,48,1,★★★★☆,70.0,"2,7,4,6,3","2,7,4",3,○
1125,48,2,★★★★★,79.1,"9,6,5,3,11","6,9,11",3,○
1125,48,3,★★★★★,73.7,"11,10,7,9,4","7,11,2",2,×
1125,48,4,★★★★★,70.2,"8,12,1,7,3","8,12,11",2,×
1125,48,5,★★★★☆,66.3,"2,4,12,8,7","4,12,10",2,×
1125,48,6,★★★★★,71.8,"1,9,7,8,6","8,9,2",2,×
1125,48,8,★★★★★,74.1,"7,2,4,8,9","9,7,4",3,○
1125,48,9,★★★★★,70.5,"5,4,8,9,7","5,9,7",3,○
1125,48,10,★★★★☆,68.2,"11,1,4,10,5","5,10,11",3,○
1125,48,11,★★★★☆,68.7,"4,6,7,3,2","6,5,4",2,×
1125,48,12,★★★★★,70.9,"7,11,6,10,2","12,8,2",1,×
1125,50,2,★★★★★,75.3,"5,1,11,2,6","5,1,4",2,×
1125,50,3,★★★★☆,68.2,"3,4,6,7,8","8,4,3",3,○
1125,50,4,★★★★★,75.0,"5,1,3,7,6","12,1,5",2,×
1125,50,5,★★★★★,70.9,"3,11,8,5,1","12,11,3",2,×
1125,50,6,★★★★☆,69.1,"4,12,9,3,7","4,11,3",2,×
1125,50,7,★★★★★,71.5,"6,4,2,3,5","6,4,3",3,○
1125,50,8,★★★★★,77.1,"3,11,5,2,9","3,11,1",2,×
1125,50,9,★★★★★,71.8,"7,1,10,8,4","9,7,4",2,×
1125,50,10,★★★★☆,68.4,"6,1,8,2,4","6,10,1",2,×
1125,50,12,★★★★★,75.8,"3,10,9,4,6","11,3,4",2,×
1126,36,1,★★★★★,71.5,"10,5,4,6,8","2,8,3",1,×
1126,36,3,★★★★★,75.5,"6,7,5,9,2","4,9,7",2,×
1126,36,4,★★★★★,75.6,"7,5,2,9,8","7,5,9",3,○
1126,36,5,★★★★★,74.3,"7,8,5,9,1","7,10,8",2,×
1126,36,7,★★★★☆,69.1,"3,7,8,9,5","9,8,7",3,○
1126,36,8,★★★★★,77.9,"8,6,1,7,5","8,6,7",3,○
1126,36,9,★★★★☆,65.7,"6,3,4,2,1","8,6,2",2,×
1126,36,10,★★★★☆,66.9,"8,1,2,6,3","7,6,8",2,×
1126,36,12,★★★★★,71.1,"2,4,1,5,3","2,3,1",3,○
1126,42,1,★★★★★,77.2,"6,7,10,4,5","6,7,4",3,○
1126,42,2,★★★★☆,69.1,"8,2,5,10,12","2,8,12",3,○
1126,42,3,★★★★☆,66.6,"2,7,1,6,9","2,1,6",3,○
1126,42,4,★★★★★,72.3,"11,7,3,8,1","8,1,2",2,×
1126,42,5,★★★★★,76.9,"3,4,6,11,1","3,1,4",3,○
1126,42,6,★★★★★,77.6,"9,5,1,8,7","9,8,3",2,×
1126,42,8,★★★★★,72.4,"5,3,10,8,9","8,4,3",2,×
1126,42,10,★★★★★,71.3,"7,3,5,1,6","6,3,9",2,×
1126,42,11,★★★★☆,66.4,"11,3,9,5,6","9,11,6",3,○
1126,42,12,★★★★★,70.6,"9,11,13,12,7","13,9,8",2,×
1126,48,1,★★★★☆,65.4,"5,1,10,3,4","11,8,1",1,×
1126,48,2,★★★★★,72.3,"8,1,9,4,11","9,11,8",3,○
1126,48,3,★★★★★,74.8,"4,10,11,6,7","10,4,7",3,○
1126,48,4,★★★★☆,68.8,"2,6,7,3,5","5,6,2",3,○
1126,48,5,★★★★★,78.2,"9,10,1,7,2","9,10,1",3,○
1126,48,7,★★★★★,71.9,"4,2,10,6,7","4,2,10",3,○
1126,48,8,★★★★★,75.0,"7,12,5,11,2","5,7,12",3,○
1126,48,9,★★★★★,72.2,"6,11,12,5,7","4,5,8",1,×
1126,48,10,★★★★★,75.0,"4,11,1,5,2","4,11,5",3,○
1126,48,11,★★★★★,81.2,"9,6,8,3,4","9,4,3",3,○
1126,48,12,★★★★★,80.8,"3,10,7,2,5","3,8,7",2,×
1126,50,1,★★★★★,76.5,"4,6,12,3,10","6,4,10",3,○
1126,50,2,★★★★★,73.4,"12,2,4,8,1","10,3,12",1,×
1126,50,3,★★★★★,71.0,"10,9,6,2,3","10,9,12",2,×
1126,50,5,★★★★★,74.7,"1,12,6,4,3","1,12,3",3,○
1126,50,6,★★★★★,75.1,"4,11,10,6,8","11,4,6",3,○
1126,50,7,★★★★☆,68.6,"7,1,4,6,8","7,1,8",3,○
1126,50,8,★★★★★,75.8,"3,4,9,5,8","3,4,7",2,×
1126,50,10,★★★★★,71.0,"9,10,3,8,1","9,8,3",3,○
1126,50,12,★★★★★,74.0,"4,9,12,3,10","4,7,12",2,×
1127,42,1,★★★★☆,65.9,"7,8,3,2,12","7,12,8",3,○
1127,42,2,★★★★★,75.7,"10,3,12,13,6","13,10,12",3,○
1127,42,3,★★★★☆,68.6,"4,7,3,9,6","7,3,4",3,○
1127,42,5,★★★★★,73.2,"5,1,9,7,12","9,5,7",3,○
1127,42,7,★★★★☆,67.6,"12,8,1,10,4","10,2,12",2,×
1127,42,8,★★★★★,76.2,"7,4,1,5,11","1,11,4",3,○
1127,42,9,★★★★★,73.7,"13,7,1,10,9","13,7,1",3,○
1127,42,10,★★★★★,75.0,"4,3,12,13,7","7,3,12",3,○
1127,42,11,★★★★★,80.0,"2,11,7,3,5","2,4,7",2,×
1127,42,12,★★★★★,75.3,"3,10,2,4,12","3,4,2",3,○
1127,47,1,★★★★☆,66.0,"2,6,1,7,8","4,8,7",2,×
1127,47,3,★★★★☆,68.6,"7,3,6,8,2","7,8,6",3,○
1127,47,4,★★★★☆,69.9,"2,5,3,7,4","4,2,5",3,○
1127,47,6,★★★★☆,66.1,"7,4,5,3,2","5,4,7",3,○
1127,47,7,★★★★☆,65.0,"6,4,8,3,7","8,4,6",3,○
1127,47,8,★★★★☆,66.5,"10,2,1,5,3","2,1,10",3,○
1127,47,10,★★★★☆,66.6,"1,4,7,3,5","4,1,6",2,×
1127,50,1,★★★★☆,68.0,"10,6,8,7,3","6,10,9",2,×
1127,50,2,★★★★★,71.1,"6,3,5,2,1","12,6,8",1,×
1127,50,4,★★★★★,72.6,"12,2,9,6,1","2,12,8",2,×
1127,50,5,★★★★☆,67.5,"9,3,1,7,10","9,6,3",2,×
1127,50,6,★★★★☆,68.0,"8,12,7,10,9","11,8,10",2,×
1127,50,7,★★★★☆,66.8,"6,2,4,9,1","8,2,6",2,×
1127,50,8,★★★★★,74.7,"9,3,7,4,2","9,3,7",3,○
1127,50,9,★★★★☆,66.6,"4,2,10,7,9","11,10,2",2,×
1127,50,11,★★★★☆,67.6,"12,2,10,9,11","12,2,1",2,×
1127,50,12,★★★★★,72.9,"11,4,1,10,9","4,11,12",2,×
1128,42,1,★★★★★,71.1,"1,8,9,2,4","1,2,8",3,○
1128,42,2,★★★★☆,66.5,"12,5,3,9,7","12,9,3",3,○
1128,42,3,★★★★☆,67.8,"9,1,6,3,7","11,1,3",2,×
1128,42,4,★★★★★,71.7,"5,4,2,10,3","4,10,3",3,○
1128,42,5,★★★★★,79.6,"2,6,10,8,7","2,9,10",2,×
1128,42,6,★★★★☆,67.9,"8,11,10,2,3","11,1,2",2,×
1128,42,7,★★★★☆,67.3,"4,2,5,7,6","5,2,4",3,○
1128,42,8,★★★★★,74.0,"1,7,2,12,5","1,7,5",3,○
1128,42,9,★★★★★,74.4,"12,9,7,1,8","12,8,7",3,○
1128,42,10,★★★★☆,69.9,"9,3,8,10,6","8,5,7",1,×
1128,42,11,★★★★★,72.1,"7,6,10,9,1","5,1,4",1,×
1128,42,12,★★★★★,75.9,"9,10,1,6,7","9,5,10",2,×
1128,47,1,★★★★★,77.6,"3,10,2,7,9","3,1,7",2,×
1128,47,2,★★★★☆,69.5,"10,6,7,9,8","6,9,5",2,×
1128,47,3,★★★★★,71.0,"5,9,2,3,1","6,1,5",2,×
1128,47,4,★★★★★,72.8,"4,3,5,6,2","4,5,6",3,○
1128,47,5,★★★★★,74.1,"5,6,2,8,4","2,5,4",3,○
1128,47,6,★★★★☆,67.9,"3,4,8,1,2","1,3,2",3,○
1128,47,7,★★★★★,72.5,"8,7,4,3,6","8,3,4",3,○
1128,47,8,★★★★★,71.8,"1,8,6,5,7","1,7,6",3,○
1128,47,9,★★★★★,71.5,"1,6,7,2,5","6,1,4",2,×
1128,47,10,★★★★☆,65.5,"3,6,1,5,4","3,7,6",2,×
1128,47,11,★★★★★,71.7,"7,1,2,3,5","7,5,1",3,○
1128,47,12,★★★★☆,67.5,"8,6,4,10,9","8,10,9",3,○
1129,54,1,★★★★☆,69.1,"4,7,1,5,3","5,3,4",3,○
1129,54,2,★★★★★,72.3,"5,10,9,8,7","7,9,4",2,×
1129,54,3,★★★★☆,66.8,"5,6,7,3,8","11,10,3",1,×
1129,54,4,★★★★★,76.2,"6,7,11,2,10","9,7,4",1,×
1129,54,5,★★★★★,71.4,"7,1,2,8,10","8,10,12",2,×
1129,54,6,★★★★☆,67.9,"11,1,2,12,3","11,2,3",3,○
1129,54,8,★★★★★,76.1,"4,10,3,1,9","4,5,3",2,×
1129,54,9,★★★★★,74.0,"6,3,2,1,10","6,3,8",2,×
1129,54,10,★★★★★,72.5,"10,6,1,4,11","10,3,6",2,×
1129,54,12,★★★★★,71.8,"1,3,9,10,6","8,12,5",0,×
1130,36,2,★★★★★,75.1,"8,6,3,4,5","2,4,6",2,×
1130,36,3,★★★★★,77.5,"6,5,1,3,4","6,5,3",3,○
1130,36,4,★★★★★,78.3,"6,3,2,1,8","3,8,2",3,○
1130,36,5,★★★★★,70.1,"3,7,6,9,1","4,3,7",2,×
1130,36,7,★★★★★,76.3,"3,8,7,1,5","3,8,7",3,○
1130,36,8,★★★★☆,67.2,"6,2,3,5,9","5,2,6",3,○
1130,36,9,★★★★★,79.2,"6,4,11,10,8","6,10,5",2,×
1130,36,11,★★★★★,75.9,"2,11,10,1,4","7,3,11",1,×
1130,36,12,★★★★☆,69.9,"5,8,6,1,2","8,5,4",2,×
1130,54,1,★★★★☆,69.3,"5,2,7,3,8","9,7,5",2,×
1130,54,2,★★★★☆,69.8,"6,2,3,5,9","3,5,9",3,○
1130,54,3,★★★★★,72.8,"10,3,7,6,8","5,3,6",2,×
1130,54,4,★★★★☆,67.8,"7,5,8,3,1","5,8,6",2,×
1130,54,5,★★★★☆,69.1,"8,1,9,10,6","8,9,1",3,○
1130,54,6,★★★★★,73.7,"4,1,3,2,5","2,4,5",3,○
1130,54,8,★★★★★,76.4,"8,2,3,5,9","8,2,1",2,×
1130,54,9,★★★★★,78.9,"11,4,9,3,6","11,6,4",3,○
1130,54,10,★★★★★,72.4,"6,3,1,10,4","2,7,11",0,×
1130,54,11,★★★★★,70.2,"7,1,2,6,4","1,2,5",2,×
1130,54,12,★★★★★,72.0,"2,12,6,8,3","5,11,10",0,×
1130,55,1,★★★★★,74.5,"4,11,5,12,6","12,4,6",3,○
1130,55,2,★★★★★,73.3,"2,3,5,6,9","2,5,3",3,○
1130,55,3,★★★★★,75.8,"2,1,8,4,5","2,7,4",2,×
1130,55,4,★★★★★,71.9,"3,5,10,9,7","7,5,3",3,○
1130,55,5,★★★★★,75.0,"11,3,4,5,2","11,2,3",3,○
1130,55,6,★★★★★,72.1,"5,4,10,8,1","4,1,5",3,○
1130,55,7,★★★★★,71.1,"9,5,7,8,6","5,8,9",3,○
1130,55,9,★★★★☆,69.6,"7,3,5,9,4","7,2,3",2,×
1130,55,10,★★★★★,74.4,"9,4,6,1,5","6,9,4",3,○
