ketto_toroku_bango,bamei
1991101108,オースミレパード　　　　　　　　　　
1992104930,サンエムキング　　　　　　　　　　　
1992107164,マイネルガーベ　　　　　　　　　　　
1993100284,ドラゴンジェイ　　　　　　　　　　　
1993104366,トミシノハラディン　　　　　　　　　
1993104471,ヒロハクジン　　　　　　　　　　　　
1993104752,ヒカルサザンクロス　　　　　　　　　
1993104985,ハナコール　　　　　　　　　　　　　
1993106345,ツインクルパレス　　　　　　　　　　
1993107766,マルワカプライズ　　　　　　　　　　
1993109108,クラフティシャルム　　　　　　　　　
1993109662,トキオチャンプ　　　　　　　　　　　
1994100642,キャニオンロマン　　　　　　　　　　
1994102651,カコイサンデー　　　　　　　　　　　
1994103109,オーサカヅキ　　　　　　　　　　　　
1994103285,シャーペンアイル　　　　　　　　　　
1994103464,コアレスフィールド　　　　　　　　　
1994103797,デルマキングオー　　　　　　　　　　
1994104274,アサクラデリー　　　　　　　　　　　
1994104888,デュールマン　　　　　　　　　　　　
1994105330,キタサンモガンボ　　　　　　　　　　
1994106576,ナリタケンリュウ　　　　　　　　　　
1994106818,トレビアン　　　　　　　　　　　　　
1994107368,レストランギャング　　　　　　　　　
1994107885,マルブツシーズ　　　　　　　　　　　
1994107907,アミフジランナー　　　　　　　　　　
1994108047,セイウンザン　　　　　　　　　　　　
1994108197,ベストライナー　　　　　　　　　　　
1994108612,ノーザンウェー　　　　　　　　　　　
1994108636,グローバルゴット　　　　　　　　　　
1994108794,トモノマリアン　　　　　　　　　　　
1994109562,グリーンストーム　　　　　　　　　　
1994109636,ハイフレンドゲイン　　　　　　　　　
1994500193,ホエールシャドウ　　　　　　　　　　
1994500811,ヨシゼンファイナル　　　　　　　　　
1994502087,タクマセンプー　　　　　　　　　　　
1994502235,ハクバオージャ　　　　　　　　　　　
1995100154,タカラアロー　　　　　　　　　　　　
1995100251,ケイエスグットワン　　　　　　　　　
1995100494,イヴニングスキー　　　　　　　　　　
1995101037,タイガーチャージ　　　　　　　　　　
1995101107,グットライアン　　　　　　　　　　　
1995101139,ロデオドライブ　　　　　　　　　　　
1995101375,リョウマ　　　　　　　　　　　　　　
1995101533,オースミショウリ　　　　　　　　　　
1995101746,ビバエルヴィス　　　　　　　　　　　
1995101990,クラシカルマウント　　　　　　　　　
1995102216,ウォーターダグ　　　　　　　　　　　
1995102402,ケイシュウシラユキ　　　　　　　　　
1995102444,ヒャクマンボルト　　　　　　　　　　
1995102580,クラローレル　　　　　　　　　　　　
1995102640,ネオサルート　　　　　　　　　　　　
1995102650,マツリタイザン　　　　　　　　　　　
1995102753,トニーファイヤー　　　　　　　　　　
1995102804,アイスハーケン　　　　　　　　　　　
1995102837,スクオールメモリー　　　　　　　　　
1995102920,ゴルデンスナイパー　　　　　　　　　
1995103252,マルカバリー　　　　　　　　　　　　
1995103707,コダマキントシオー　　　　　　　　　
1995103793,ストロングライフ　　　　　　　　　　
1995103868,ロンガーワンダー　　　　　　　　　　
1995104392,ローズプレイヤー　　　　　　　　　　
1995104721,ブリリアントロード　　　　　　　　　
1995104990,ナリタホマレ　　　　　　　　　　　　
1995105084,スピードビクター　　　　　　　　　　
1995105241,ラックサウンド　　　　　　　　　　　
1995105566,マイネルキャラバン　　　　　　　　　
1995105663,サマニジョージ　　　　　　　　　　　
1995105703,ゼンノブレイブ　　　　　　　　　　　
1995105868,シュガーボーイ　　　　　　　　　　　
1995105932,ライトクラウン　　　　　　　　　　　
1995106163,サンキューホーラー　　　　　　　　　
1995106281,バンブーマリアッチ　　　　　　　　　
1995106460,サンクスメモリー　　　　　　　　　　
1995106491,グレシアンウイナー　　　　　　　　　
1995106664,ミツルリュウホウ　　　　　　　　　　
1995106935,セノエタイヨー　　　　　　　　　　　
1995107080,イナリコンコルド　　　　　　　　　　
1995107256,エプソムガッツ　　　　　　　　　　　
1995107266,アミフジキャプテン　　　　　　　　　
1995107336,ロードブレーブ　　　　　　　　　　　
1995107439,シングルフォー　　　　　　　　　　　
1995107466,セイウンハヤブサ　　　　　　　　　　
1995107524,ダイコクテイオー　　　　　　　　　　
1995108415,ジャズダンサー　　　　　　　　　　　
1995108419,グレートジャスパー　　　　　　　　　
1995108680,トキオパーフェクト　　　　　　　　　
1995108787,マンボツイスト　　　　　　　　　　　
1995108825,トーヨーペクター　　　　　　　　　　
1995108957,タイキアルカディア　　　　　　　　　
1995108998,サヴァイヴァコール　　　　　　　　　
1995109029,ゲイリースワロー　　　　　　　　　　
1995109045,ティエッチマインド　　　　　　　　　
1995109053,ハイフレンドピュア　　　　　　　　　
1995200023,レインボーレオ　　　　　　　　　　　
1995500051,ダイメイスキッパー　　　　　　　　　
1995500171,ホーエチャンピオン　　　　　　　　　
1995500496,アマゴトウザイ　　　　　　　　　　　
1995500713,コウエイケレス　　　　　　　　　　　
1995500786,ニシキノマーク　　　　　　　　　　　
1995500813,ブルースマノ　　　　　　　　　　　　
1995500949,アポロファースト　　　　　　　　　　
1995500976,キノパートナー　　　　　　　　　　　
1995501133,ニホンカイマリノ　　　　　　　　　　
1995501219,ミエドルマン　　　　　　　　　　　　
1995502116,クールショー　　　　　　　　　　　　
1996100015,シャコーグロリア　　　　　　　　　　
1996100096,ナイティーナイナー　　　　　　　　　
1996100195,ミヤギテースト　　　　　　　　　　　
1996100199,ダイナブロス　　　　　　　　　　　　
1996100243,タカテンプル　　　　　　　　　　　　
1996100332,シャンハイブルース　　　　　　　　　
1996100409,ダンディラッシュ　　　　　　　　　　
1996100468,コウエイシャープ　　　　　　　　　　
1996100502,ナリタワールド　　　　　　　　　　　
1996100548,エスジーバーニング　　　　　　　　　
1996100571,ジオノ　　　　　　　　　　　　　　　
1996100588,マインドアップ　　　　　　　　　　　
1996100682,ブラックエブロス　　　　　　　　　　
1996100698,ツジジオット　　　　　　　　　　　　
1996100756,ハタノアドニス　　　　　　　　　　　
1996100890,スカイゴーラン　　　　　　　　　　　
1996100893,グリーンアスワン　　　　　　　　　　
1996100994,センゲントウショウ　　　　　　　　　
1996101546,シルクストーン　　　　　　　　　　　
1996101552,リトルダンサー　　　　　　　　　　　
1996101640,カネツビッグボーイ　　　　　　　　　
1996101663,ベルモントアクター　　　　　　　　　
1996101826,キャップボーイ　　　　　　　　　　　
1996101853,タイモンスター　　　　　　　　　　　
1996102091,ブルーベッカ　　　　　　　　　　　　
1996102234,グローリーヒル　　　　　　　　　　　
1996102395,モリユウコモ　　　　　　　　　　　　
1996102409,シンワスキャン　　　　　　　　　　　
1996102462,ジョウノブラボー　　　　　　　　　　
1996102476,フジフロンティア　　　　　　　　　　
1996102486,ノムラセイランオー　　　　　　　　　
1996102557,シャンハイダロン　　　　　　　　　　
1996102628,アウゲンロマンス　　　　　　　　　　
1996102869,マキバティアラ　　　　　　　　　　　
1996102959,ファインタックル　　　　　　　　　　
1996103110,テイシンキング　　　　　　　　　　　
1996103187,ヘイセイマキシム　　　　　　　　　　
1996103379,アイサダロイヤル　　　　　　　　　　
1996103574,エビスロンバード　　　　　　　　　　
1996103586,ハートリーフ　　　　　　　　　　　　
1996103652,フジノマウンテン　　　　　　　　　　
1996103669,オンワードブリッジ　　　　　　　　　
1996103684,エーブダイマジン　　　　　　　　　　
1996103765,ハニーエスカーダ　　　　　　　　　　
1996103780,オートバクシンオー　　　　　　　　　
1996103846,ヒカルミヨギ　　　　　　　　　　　　
1996103943,エアーホースワン　　　　　　　　　　
1996104021,バンブーヒカリオー　　　　　　　　　
1996104052,ワンダーキーラー　　　　　　　　　　
1996104128,キンシャイ　　　　　　　　　　　　　
1996104134,マーブルシーク　　　　　　　　　　　
1996104189,シゲノキューティー　　　　　　　　　
1996104192,レインボーシャトル　　　　　　　　　
1996104276,グレートバーナム　　　　　　　　　　
1996104322,パワーズフォンテン　　　　　　　　　
1996104340,イズミカツリュウ　　　　　　　　　　
1996104465,マルカシャトル　　　　　　　　　　　
1996104529,ジョウシュウダイナ　　　　　　　　　
1996104544,リンデンアトム　　　　　　　　　　　
1996104599,トーワスキー　　　　　　　　　　　　
1996104611,バトンタッチ　　　　　　　　　　　　
1996104627,パープルモンク　　　　　　　　　　　
1996104629,サンエムグレン　　　　　　　　　　　
1996104697,ニホンピログッド　　　　　　　　　　
1996104954,アンダーレインボー　　　　　　　　　
1996104959,トダノスイジン　　　　　　　　　　　
1996105037,サクラフリーダム　　　　　　　　　　
1996105098,ホシノオウジサマ　　　　　　　　　　
1996105113,ミナミノチャプマン　　　　　　　　　
1996105114,ナイキアフリート　　　　　　　　　　
1996105244,キングマグワイア　　　　　　　　　　
1996105360,イッコーオー　　　　　　　　　　　　
1996105482,トウカイエンペラー　　　　　　　　　
1996105537,キミノプリティー　　　　　　　　　　
1996105561,クロスザルビコン　　　　　　　　　　
1996105708,ダイワアーサー　　　　　　　　　　　
1996105750,シルバーサーベル　　　　　　　　　　
1996105797,ソワカフジ　　　　　　　　　　　　　
1996106100,ケンチャム　　　　　　　　　　　　　
1996106217,アヤノオージ　　　　　　　　　　　　
1996106243,カイヨウヒート　　　　　　　　　　　
1996106252,モミジイレブン　　　　　　　　　　　
1996106310,ハナノジョージワン　　　　　　　　　
1996106351,ローズフラッシュ　　　　　　　　　　
1996106421,ミスターボギー　　　　　　　　　　　
1996106443,マルゴウィッシュ　　　　　　　　　　
1996106445,グリンセレサ　　　　　　　　　　　　
1996106450,シャワーツリー　　　　　　　　　　　
1996106541,アルトダービー　　　　　　　　　　　
1996106545,プラウドフット　　　　　　　　　　　
1996106663,タカラホマレ　　　　　　　　　　　　
1996106847,アミフジバトラー　　　　　　　　　　
1996106868,ロードアルコ　　　　　　　　　　　　
1996106993,コウヨウヒーロー　　　　　　　　　　
1996107220,ツルマルザムライ　　　　　　　　　　
1996107263,クリアーベース　　　　　　　　　　　
1996107275,ブルーパシフィック　　　　　　　　　
1996107286,ホーキングトライブ　　　　　　　　　
1996107340,タワリングドリーム　　　　　　　　　
1996107555,ホシオー　　　　　　　　　　　　　　
1996107591,カルストンストーム　　　　　　　　　
1996107598,シルクアンタレス　　　　　　　　　　
1996107754,カクテルウィンディ　　　　　　　　　
1996107919,コクノキララ　　　　　　　　　　　　
1996107941,キョウリツキング　　　　　　　　　　
1996109019,ビクトリーゲット　　　　　　　　　　
1996109044,ラッキーモモ　　　　　　　　　　　　
1996109113,ヤマトマックス　　　　　　　　　　　
1996109261,ミスターアオモリ　　　　　　　　　　
1996109404,トウザイパレード　　　　　　　　　　
1996109433,スウィフトタイセン　　　　　　　　　
1996109447,ハナノユーロ　　　　　　　　　　　　
1996109509,タイセンスウィフト　　　　　　　　　
1996109545,アイコマランナー　　　　　　　　　　
1996110097,ゼンノタンゴ　　　　　　　　　　　　
1996110102,マルタカクラフティ　　　　　　　　　
1996110111,タイキシリウス　　　　　　　　　　　
1996110133,ゲイリージェミニ　　　　　　　　　　
1996110135,ゲイリートマホーク　　　　　　　　　
1996110227,エイシンラグランジ　　　　　　　　　
1996110262,タイキダイナマイト　　　　　　　　　
1996110313,フィフティンエース　　　　　　　　　
1996110374,エイシンクリバーン　　　　　　　　　
1996200040,エドノマッケンオー　　　　　　　　　
1996500016,フジノタカラ　　　　　　　　　　　　
1996500065,サヤテンザン　　　　　　　　　　　　
1996500082,ミズホミマツ　　　　　　　　　　　　
1996500279,サファリルージュ　　　　　　　　　　
1996500309,サンユウラピート　　　　　　　　　　
1996500383,キジョーハヤテ　　　　　　　　　　　
1996500414,サンタホープ　　　　　　　　　　　　
1996500462,エイランヒット　　　　　　　　　　　
1996500537,リーガルジョージ　　　　　　　　　　
1996500553,キヌカゴゼン　　　　　　　　　　　　
1996500570,ノーブルナイト　　　　　　　　　　　
1996500747,グリンティアラ　　　　　　　　　　　
1996500915,グロリアスメロディ　　　　　　　　　
1996501114,ワシュウジョージ　　　　　　　　　　
1996501231,トチノリンボー　　　　　　　　　　　
1996501248,ブラウンダンディ　　　　　　　　　　
1996501269,イッセイタッカ　　　　　　　　　　　
1996501448,ハイセイアロー　　　　　　　　　　　
1996501580,ヤマトダンサー　　　　　　　　　　　
1996501678,ダスティー　　　　　　　　　　　　　
1996501779,アサヒドーエル　　　　　　　　　　　
1996501836,タイトオオギ　　　　　　　　　　　　
1996502183,ナスノセンプー　　　　　　　　　　　
1997100024,ロングビエント　　　　　　　　　　　
1997100114,エアロトレイン　　　　　　　　　　　
1997100115,ダイナミジャー　　　　　　　　　　　
1997100147,サマージャズ　　　　　　　　　　　　
1997100204,ユキノリボン　　　　　　　　　　　　
1997100224,ナイキダンサー　　　　　　　　　　　
1997100254,スターガルシア　　　　　　　　　　　
1997100289,ブラウンテイオー　　　　　　　　　　
1997100303,タカヒロマン　　　　　　　　　　　　
1997100305,グリーンアレ　　　　　　　　　　　　
1997100339,トモシロアカネ　　　　　　　　　　　
1997100374,スリングショット　　　　　　　　　　
1997100377,ハイパワーターボ　　　　　　　　　　
1997100393,セイシンコデマリ　　　　　　　　　　
1997100409,オースミルーラー　　　　　　　　　　
1997100426,シンコーヘリオス　　　　　　　　　　
1997100429,シュリケン　　　　　　　　　　　　　
1997100462,ワッキーサンダー　　　　　　　　　　
1997100511,タガノトニー　　　　　　　　　　　　
1997100512,ホシノギャンブラー　　　　　　　　　
1997100559,フミノツイスター　　　　　　　　　　
1997100597,ジャッジフリー　　　　　　　　　　　
1997100598,セキサンデインヒル　　　　　　　　　
1997100649,ウェーブメール　　　　　　　　　　　
1997100666,アブクマノボル　　　　　　　　　　　
1997100702,マキバマイニング　　　　　　　　　　
1997100711,バトルウインロード　　　　　　　　　
1997100746,キャニオンライフ　　　　　　　　　　
1997100748,ユメミルアミー　　　　　　　　　　　
1997100752,ストレイトアップ　　　　　　　　　　
1997100773,ミスターユニコン　　　　　　　　　　
1997100815,バンドオンザラン　　　　　　　　　　
1997100820,トサノビッグ　　　　　　　　　　　　
1997100867,エムティサフィニア　　　　　　　　　
1997100881,ワカオボーイ　　　　　　　　　　　　
1997100891,オグリラシアン　　　　　　　　　　　
1997100924,スーパーモモコ　　　　　　　　　　　
1997100950,クリティカルフェア　　　　　　　　　
1997100957,キングラシアン　　　　　　　　　　　
1997100963,オースミツヨシ　　　　　　　　　　　
1997101035,セフティージェット　　　　　　　　　
1997101057,ブラックフラワー　　　　　　　　　　
1997101059,センダン　　　　　　　　　　　　　　
1997101085,シアーグリード　　　　　　　　　　　
1997101086,カネショウレパード　　　　　　　　　
1997101102,エルデンオリオン　　　　　　　　　　
1997101150,マルマツスパイラル　　　　　　　　　
1997101203,ダイワレイン　　　　　　　　　　　　
1997101222,シューワハイネス　　　　　　　　　　
1997101239,アサカランナウェイ　　　　　　　　　
1997101257,ダイヤモナーク　　　　　　　　　　　
1997101268,ロードスナイパー　　　　　　　　　　
1997101277,マイネルアルザン　　　　　　　　　　
1997101319,ヨシブラボー　　　　　　　　　　　　
1997101332,マヤノボイジャー　　　　　　　　　　
1997101338,ヒクテアマタ　　　　　　　　　　　　
1997101341,リワードランサー　　　　　　　　　　
1997101344,プリンセスナムラ　　　　　　　　　　
1997101365,バクシンフージン　　　　　　　　　　
1997101398,ホシノクイーン　　　　　　　　　　　
1997101437,フジノプロテクター　　　　　　　　　
1997101447,メリーベル　　　　　　　　　　　　　
1997101476,グラスホッパー　　　　　　　　　　　
1997101477,クールガイ　　　　　　　　　　　　　
1997101523,サイコートップ　　　　　　　　　　　
1997101536,ミスタパシフィック　　　　　　　　　
1997101557,ガリョウテンセイ　　　　　　　　　　
1997101615,オイワケダイモン　　　　　　　　　　
1997101623,カルストンアイ　　　　　　　　　　　
1997101661,スティングラリー　　　　　　　　　　
1997101688,カネショウローレル　　　　　　　　　
1997101735,マルゴミラン　　　　　　　　　　　　
1997101738,ハクリュウヒット　　　　　　　　　　
1997101767,ルーシー　　　　　　　　　　　　　　
1997101803,ドラゴンキング　　　　　　　　　　　
1997101818,ミタカスマイル　　　　　　　　　　　
1997101821,スズトップクイン　　　　　　　　　　
1997101822,シュウカクラウン　　　　　　　　　　
1997101824,レッツゴーフジ　　　　　　　　　　　
1997101828,スズノミスティ　　　　　　　　　　　
1997101833,ラブリーダハール　　　　　　　　　　
1997101898,シュンエイゼネラル　　　　　　　　　
1997101918,カネサイテリオス　　　　　　　　　　
1997101950,レジェンドハンター　　　　　　　　　
1997101962,アンバーラビット　　　　　　　　　　
1997102073,ゼンノスラヴィック　　　　　　　　　
1997102123,ダイワメイン　　　　　　　　　　　　
1997102149,シルクパイロット　　　　　　　　　　
1997102151,カミスドリーム　　　　　　　　　　　
1997102158,タイキクール　　　　　　　　　　　　
1997102178,ハイパータッチ　　　　　　　　　　　
1997102195,プラウドスペシャル　　　　　　　　　
1997102211,ブンブクマーチャン　　　　　　　　　
1997102214,ロイヤルムービー　　　　　　　　　　
1997102226,アサヒミネルバ　　　　　　　　　　　
1997102255,シメニオペラ　　　　　　　　　　　　
1997102274,スマコバフレンド　　　　　　　　　　
1997102280,サクラデインヒル　　　　　　　　　　
1997102283,サクラゲイル　　　　　　　　　　　　
1997102304,ミサトレイソル　　　　　　　　　　　
1997102353,ハンサムボーイ　　　　　　　　　　　
1997102354,トーホウコンドル　　　　　　　　　　
1997102356,オーバーロード　　　　　　　　　　　
1997102362,シャドウランサー　　　　　　　　　　
1997102382,ウィザードボーイ　　　　　　　　　　
1997102391,ヒシジョーカー　　　　　　　　　　　
1997102434,ミルキーサイファ　　　　　　　　　　
1997102442,ショウリノスター　　　　　　　　　　
1997102477,マルタカウィナー　　　　　　　　　　
1997102515,テイエムハンター　　　　　　　　　　
1997102612,バトルタミーノ　　　　　　　　　　　
1997102693,キャプテンバトラー　　　　　　　　　
1997102713,ウエスタンアキラ　　　　　　　　　　
1997102729,ホクトバロン　　　　　　　　　　　　
1997102740,シャインフラッグ　　　　　　　　　　
1997102743,ホクトプリウス　　　　　　　　　　　
1997102745,ホクトシャーロック　　　　　　　　　
1997102810,ダイユウホリスキー　　　　　　　　　
1997102822,ナリタダイドウ　　　　　　　　　　　
1997102829,シルクジャッカル　　　　　　　　　　
1997102866,キングサンバ　　　　　　　　　　　　
1997102884,パワフルヒッター　　　　　　　　　　
1997102914,ヤマニンデューク　　　　　　　　　　
1997102967,ハクシュカッサイ　　　　　　　　　　
1997103027,ノーザンダンディ　　　　　　　　　　
1997103066,トニービーバー　　　　　　　　　　　
1997103077,オートキング　　　　　　　　　　　　
1997103107,オクノレディー　　　　　　　　　　　
1997103136,ブランニューカラー　　　　　　　　　
1997103171,グリーンクリスタル　　　　　　　　　
1997103204,カワギシボーイ　　　　　　　　　　　
1997103212,サマーストリーム　　　　　　　　　　
1997103264,ファイブビーンズ　　　　　　　　　　
1997103270,ブラックベス　　　　　　　　　　　　
1997103310,タガジョーアイレン　　　　　　　　　
1997103317,トップナンバー　　　　　　　　　　　
1997103363,カツメイト　　　　　　　　　　　　　
1997103367,サバイバルバトル　　　　　　　　　　
1997103385,アトン　　　　　　　　　　　　　　　
1997103392,ノーブルレース　　　　　　　　　　　
1997103405,コナサンセット　　　　　　　　　　　
1997103470,タケル　　　　　　　　　　　　　　　
1997103472,ヨシジエンペラー　　　　　　　　　　
1997103562,ラスベガスツアー　　　　　　　　　　
1997103627,カシマハヤト　　　　　　　　　　　　
1997103646,パーシステントガイ　　　　　　　　　
1997103741,オーミヤボレロ　　　　　　　　　　　
1997103757,ニシノツルギ　　　　　　　　　　　　
1997103764,ニシノインパラーレ　　　　　　　　　
1997103776,ニシノカイドウ　　　　　　　　　　　
1997103817,コウエイチャンス　　　　　　　　　　
1997103820,スーパーブルー　　　　　　　　　　　
1997103873,オンワードブリテン　　　　　　　　　
1997103959,エスティカナリー　　　　　　　　　　
1997103986,ノーゼンハレン　　　　　　　　　　　
1997103987,トーエイダンサー　　　　　　　　　　
1997104036,マルハチシェーバー　　　　　　　　　
1997104041,ミスターサウスポー　　　　　　　　　
1997104044,トサノリージェント　　　　　　　　　
1997104054,フジミノル　　　　　　　　　　　　　
1997104064,スプリームコート　　　　　　　　　　
1997104091,キャニオンノーブル　　　　　　　　　
1997104106,マツノスキーオー　　　　　　　　　　
1997104107,ケージーキット　　　　　　　　　　　
1997104192,ジョーオーラ　　　　　　　　　　　　
1997104197,ニホンピロロータス　　　　　　　　　
1997104223,バンブーロドリゲス　　　　　　　　　
1997104251,ユーコーフォエバー　　　　　　　　　
1997104262,ヤマニンコーラル　　　　　　　　　　
1997104275,デットライン　　　　　　　　　　　　
1997104280,ヤマササークル　　　　　　　　　　　
1997104292,ラヴィクトワール　　　　　　　　　　
1997104317,ユーワビート　　　　　　　　　　　　
1997104336,マイオリタテンシ　　　　　　　　　　
1997104382,フジヤマデュラブ　　　　　　　　　　
1997104407,エフテーホクダイ　　　　　　　　　　
1997104430,キヨノスズカ　　　　　　　　　　　　
1997104432,コスモファルシオン　　　　　　　　　
1997104434,テンノハヤブサ　　　　　　　　　　　
1997104435,エイコーラップ　　　　　　　　　　　
1997104445,ベルボクサー　　　　　　　　　　　　
1997104460,ナイキゴールド　　　　　　　　　　　
1997104488,タイキインフェルノ　　　　　　　　　
1997104522,マユネキング　　　　　　　　　　　　
1997104592,エイユータイガー　　　　　　　　　　
1997104601,カリスマジョージ　　　　　　　　　　
1997104606,ウルトラダン　　　　　　　　　　　　
1997104628,オーディーミラクル　　　　　　　　　
1997104668,アサカラスタ　　　　　　　　　　　　
1997104727,リワードフォコン　　　　　　　　　　
1997104731,チクシダンディ　　　　　　　　　　　
1997104783,マルタカサイレンス　　　　　　　　　
1997104811,ショウリノビジン　　　　　　　　　　
1997104825,キャピタルレター　　　　　　　　　　
1997104871,スピードアスリート　　　　　　　　　
1997104918,ブラウンシャトレー　　　　　　　　　
1997104929,アクションアラート　　　　　　　　　
1997104938,ツカサロダン　　　　　　　　　　　　
1997104954,ビッグビクトリー　　　　　　　　　　
1997104973,ウインアーニスト　　　　　　　　　　
1997104979,マイティーホープ　　　　　　　　　　
1997105001,ヴァーテックス　　　　　　　　　　　
1997105026,マイネルシェーバー　　　　　　　　　
1997105070,ビッグランボー　　　　　　　　　　　
1997105082,ロイヤルサンサン　　　　　　　　　　
1997105113,タイムオブウイン　　　　　　　　　　
1997105138,ヤマニンアストロ　　　　　　　　　　
1997105188,シルクコンバット　　　　　　　　　　
1997105212,シルクソニック　　　　　　　　　　　
1997105215,シルクキャプテン　　　　　　　　　　
1997105252,トサノライデン　　　　　　　　　　　
1997105300,ケリーライト　　　　　　　　　　　　
1997105313,ハネダユウキ　　　　　　　　　　　　
1997105318,オリオンザロマン　　　　　　　　　　
1997105328,タケノシマント　　　　　　　　　　　
1997105330,ハセノライオネス　　　　　　　　　　
1997105355,エコーホース　　　　　　　　　　　　
1997105368,ピアストーム　　　　　　　　　　　　
1997105386,ナポレオンキセキ　　　　　　　　　　
1997105399,マヤノアカデミー　　　　　　　　　　
1997105425,タイチーター　　　　　　　　　　　　
1997105426,タイギャラント　　　　　　　　　　　
1997105436,マックワンヒーロー　　　　　　　　　
1997105449,ケイアイライアン　　　　　　　　　　
1997105453,マルタカセダン　　　　　　　　　　　
1997105454,ミツアキショパン　　　　　　　　　　
1997105460,ミッキータイム　　　　　　　　　　　
1997105476,マヤノタリーク　　　　　　　　　　　
1997105493,ハクバエンジェル　　　　　　　　　　
1997105507,スクオールグラス　　　　　　　　　　
1997105514,スターイットアップ　　　　　　　　　
1997105530,スピードパンチ　　　　　　　　　　　
1997105545,イシノブライアン　　　　　　　　　　
1997105589,ワタリハヤブサ　　　　　　　　　　　
1997105590,ドラゴンマックス　　　　　　　　　　
1997105597,カルストンネッカル　　　　　　　　　
1997105607,ヘリオスヤマト　　　　　　　　　　　
1997105616,プライムダンス　　　　　　　　　　　
1997105637,マグナカルタマッハ　　　　　　　　　
1997105645,タイキアンクレット　　　　　　　　　
1997105670,ダービーヒルズ　　　　　　　　　　　
1997105675,スパートクロス　　　　　　　　　　　
1997105696,マキバセクション　　　　　　　　　　
1997105698,マキバジェット　　　　　　　　　　　
1997105722,パーティミント　　　　　　　　　　　
1997105723,ツジノブルボン　　　　　　　　　　　
1997105768,コアレスリーフ　　　　　　　　　　　
1997105786,サーパススピリット　　　　　　　　　
1997105804,クールグリーク　　　　　　　　　　　
1997105812,タルマエジロー　　　　　　　　　　　
1997105837,ミツアキサイレンス　　　　　　　　　
1997105844,アイノコウジン　　　　　　　　　　　
1997105845,トーワシュミット　　　　　　　　　　
1997105898,ショウリノオタケビ　　　　　　　　　
1997105900,シュナイディー　　　　　　　　　　　
1997105906,メイスイ　　　　　　　　　　　　　　
1997105933,ケンロクホマレ　　　　　　　　　　　
1997105947,カナンニシキ　　　　　　　　　　　　
1997105975,ナムラスピリット　　　　　　　　　　
1997105976,ナムラヒデン　　　　　　　　　　　　
1997105994,インターウィッシュ　　　　　　　　　
1997106024,ホウニンパール　　　　　　　　　　　
1997106032,グリフィン　　　　　　　　　　　　　
1997106092,キタサンチャレンジ　　　　　　　　　
1997106109,ヤマノタイショウ　　　　　　　　　　
1997106112,サニーソーサ　　　　　　　　　　　　
1997106118,タガノサンデー　　　　　　　　　　　
1997106150,ヘイセイスペクトル　　　　　　　　　
1997106172,ダークスティンガー　　　　　　　　　
1997106179,マエストロセゴビア　　　　　　　　　
1997106218,ワイティジョオー　　　　　　　　　　
1997106221,タカノプレジャー　　　　　　　　　　
1997106262,ハセノアフリート　　　　　　　　　　
1997106270,ワンダフルワンダー　　　　　　　　　
1997106277,ジョウノシーザー　　　　　　　　　　
1997106338,ファイブソルジャー　　　　　　　　　
1997106340,ビッグハンター　　　　　　　　　　　
1997106362,ネオマックイーン　　　　　　　　　　
1997106375,ナリタルートワン　　　　　　　　　　
1997106386,ナリタプリマ　　　　　　　　　　　　
1997106432,シンボリテキサス　　　　　　　　　　
1997106437,シンボリワシントン　　　　　　　　　
1997106455,シンボリオレゴン　　　　　　　　　　
1997106482,テクノスマイル　　　　　　　　　　　
1997106484,ハトナイスキー　　　　　　　　　　　
1997106495,デューライトジンク　　　　　　　　　
1997106504,トニージェント　　　　　　　　　　　
1997106540,タマノユウユウ　　　　　　　　　　　
1997106547,タガノテースト　　　　　　　　　　　
1997106562,シャークローズ　　　　　　　　　　　
1997106576,レインボーリバティ　　　　　　　　　
1997106629,サファリテイオー　　　　　　　　　　
1997106633,タカミコタン　　　　　　　　　　　　
1997106641,スペリオアザーズ　　　　　　　　　　
1997106648,マイネルラッシュ　　　　　　　　　　
1997106674,ピアジュエル　　　　　　　　　　　　
1997106716,グラスキャニオン　　　　　　　　　　
1997106760,ナイスキングオー　　　　　　　　　　
1997106762,ミサトプリムローズ　　　　　　　　　
1997106764,サファリワンダフル　　　　　　　　　
1997106774,アイアイアスリート　　　　　　　　　
1997106808,タッチダウンパス　　　　　　　　　　
1997106837,ニチジュウモガミ　　　　　　　　　　
1997106840,コーリンサウザー　　　　　　　　　　
1997106847,フジノスマイル　　　　　　　　　　　
1997106860,ツクバモナクル　　　　　　　　　　　
1997106868,マッキーローレル　　　　　　　　　　
1997106887,コアレスドーツ　　　　　　　　　　　
1997106891,コアレスハンター　　　　　　　　　　
1997106942,キングカイザー　　　　　　　　　　　
1997106983,フュージティブ　　　　　　　　　　　
1997107004,メイキングアワー　　　　　　　　　　
1997107006,イブキノコンバット　　　　　　　　　
1997107018,ゴールデンイースト　　　　　　　　　
1997107039,ホッカイワントン　　　　　　　　　　
1997107070,アパティア　　　　　　　　　　　　　
1997107077,グットスピード　　　　　　　　　　　
1997107088,ダテノイメージ　　　　　　　　　　　
1997107145,マサノケーティング　　　　　　　　　
1997107149,オキノトップ　　　　　　　　　　　　
1997107184,フリートツイスター　　　　　　　　　
1997107197,マサルランバー　　　　　　　　　　　
1997107225,センターダイナ　　　　　　　　　　　
1997107237,マロシャン　　　　　　　　　　　　　
1997107243,キングマイハマ　　　　　　　　　　　
1997107265,タケイチショウリ　　　　　　　　　　
1997107286,マルブツプレスト　　　　　　　　　　
1997107331,キヌガサフドウ　　　　　　　　　　　
1997107341,ビジネスライク　　　　　　　　　　　
1997107343,トウショウコマンダ　　　　　　　　　
1997107344,ソーウンムテキ　　　　　　　　　　　
1997107348,スターコンコルド　　　　　　　　　　
1997107354,ムテキパワー　　　　　　　　　　　　
1997107375,マサシンゲキ　　　　　　　　　　　　
1997107448,アイアイダイアナ　　　　　　　　　　
1997107476,マイネルアーマー　　　　　　　　　　
1997107503,カルストンウエルズ　　　　　　　　　
1997107565,マルデンヤマト　　　　　　　　　　　
1997107572,ハッピーコマチ　　　　　　　　　　　
1997107575,タツミランラン　　　　　　　　　　　
1997107626,ホシノトゥイティー　　　　　　　　　
1997107640,タカサゴタイヨウ　　　　　　　　　　
1997109057,ニホンピロデイビー　　　　　　　　　
1997109144,トートユニコーン　　　　　　　　　　
1997109158,プライズマン　　　　　　　　　　　　
1997109210,アイシーエルザ　　　　　　　　　　　
1997109227,サイレントヒーロー　　　　　　　　　
1997109245,ミヤギグルーム　　　　　　　　　　　
1997109275,トサノジーニアス　　　　　　　　　　
1997109305,シルクディヴァイン　　　　　　　　　
1997109349,エメラードファニー　　　　　　　　　
1997109358,ダンスティルスリー　　　　　　　　　
1997109373,キングリファール　　　　　　　　　　
1997109381,レイジングブル　　　　　　　　　　　
1997109389,スーパーダンディー　　　　　　　　　
1997109396,シャディーシンボル　　　　　　　　　
1997109415,ハッピーランド　　　　　　　　　　　
1997109439,エバークイック　　　　　　　　　　　
1997109479,トウホクダンディー　　　　　　　　　
1997109541,ウメノコーヨー　　　　　　　　　　　
1997110011,クレバーシャーク　　　　　　　　　　
1997110016,ウインアイオロス　　　　　　　　　　
1997110024,トライアスロン　　　　　　　　　　　
1997110039,ヴォツェック　　　　　　　　　　　　
1997110044,サザンスズカ　　　　　　　　　　　　
1997110064,ゲイリーエクシード　　　　　　　　　
1997110094,トーヨーアリダー　　　　　　　　　　
1997110095,トーヨーサマー　　　　　　　　　　　
1997110109,テオドロス　　　　　　　　　　　　　
1997110128,ゴシップコラム　　　　　　　　　　　
1997110148,ストームスウィープ　　　　　　　　　
1997110167,エーピージョイフル　　　　　　　　　
1997110168,キンシストーン　　　　　　　　　　　
1997110181,オーバルオフィス　　　　　　　　　　
1997110200,シンボリシャイアン　　　　　　　　　
1997110208,タイキファスト　　　　　　　　　　　
1997110213,タイキルパン　　　　　　　　　　　　
1997110216,タイキゼウス　　　　　　　　　　　　
1997110233,ブリーズイン　　　　　　　　　　　　
1997110241,エイシンデントン　　　　　　　　　　
1997110248,エイシンコーバリス　　　　　　　　　
1997110253,スターキングブル　　　　　　　　　　
1997110266,ダイシンステージ　　　　　　　　　　
1997110272,ハッピーハピネス　　　　　　　　　　
1997110281,エイシンダンズビル　　　　　　　　　
1997110290,ライトアップジーン　　　　　　　　　
1997200022,マキバサイキック　　　　　　　　　　
1997200031,マイネルビンテージ　　　　　　　　　
1997200044,ザプラウドワンス　　　　　　　　　　
1997500019,キヨノウルフ　　　　　　　　　　　　
1997500038,アラブドラゴン　　　　　　　　　　　
1997500058,パープルヤマサン　　　　　　　　　　
1997500062,キクノダフネ　　　　　　　　　　　　
1997500089,サエノリーダー　　　　　　　　　　　
1997500098,キタノサンヒット　　　　　　　　　　
1997500121,ブレイヴシーン　　　　　　　　　　　
1997500186,ネーチャーフレンド　　　　　　　　　
1997500215,キビノテイセン　　　　　　　　　　　
1997500249,サツキヒット　　　　　　　　　　　　
1997500321,リュウパレード　　　　　　　　　　　
1997500327,スマノレイズ　　　　　　　　　　　　
1997500351,マルスホープ　　　　　　　　　　　　
1997500355,ツバサイッセイ　　　　　　　　　　　
1997500393,タカラダッシュ　　　　　　　　　　　
1997500400,ユタカヒーロー　　　　　　　　　　　
1997500469,キングオブライト　　　　　　　　　　
1997500486,タクマハヤオー　　　　　　　　　　　
1997500504,トミノモデル　　　　　　　　　　　　
1997500592,カイヨウワールド　　　　　　　　　　
1997500666,タカライデン　　　　　　　　　　　　
1997500712,アインナッチー　　　　　　　　　　　
1997500722,モリヒロシャープ　　　　　　　　　　
1997500756,チュウオーランセル　　　　　　　　　
1997500761,ヤマノダイオー　　　　　　　　　　　
1997500870,ボールドシュウホウ　　　　　　　　　
1997500887,セイフクガバナー　　　　　　　　　　
1997500927,サンキンローズ　　　　　　　　　　　
1997501000,ラッキースタナー　　　　　　　　　　
1997501004,ラヴアンドロード　　　　　　　　　　
1997501022,キングダイオー　　　　　　　　　　　
1997501035,ピアドオスカー　　　　　　　　　　　
1997501061,コウエイエンジェル　　　　　　　　　
1997501148,クールリップ　　　　　　　　　　　　
1997501232,クラボクモン　　　　　　　　　　　　
1997501242,ドイケンダンサー　　　　　　　　　　
1997501337,ラッキーモラール　　　　　　　　　　
1997501346,ハッコーディオス　　　　　　　　　　
1997501377,ナイスヒロシ　　　　　　　　　　　　
1997501421,ノースパワー　　　　　　　　　　　　
1997501454,リジョウガバナー　　　　　　　　　　
1997501486,タマノリューオ　　　　　　　　　　　
1997501508,ヤングネイチャ　　　　　　　　　　　
1997501514,テル　　　　　　　　　　　　　　　　
1997501524,シンセイボサツ　　　　　　　　　　　
1997501554,ジョージバルセ　　　　　　　　　　　
1997501622,メカリジョージ　　　　　　　　　　　
1997501641,ダイメイホース　　　　　　　　　　　
1997501673,メガビソウ　　　　　　　　　　　　　
1997501733,トライバルヒカリ　　　　　　　　　　
1997502063,キリシマオーカン　　　　　　　　　　
1997502068,パールクロサイト　　　　　　　　　　
1997502080,ハシルオーゴン　　　　　　　　　　　
1997502084,オオトヨロマン　　　　　　　　　　　
1997502136,サバイバドール　　　　　　　　　　　
1997502204,ヤマノキング　　　　　　　　　　　　
1997502216,シアワセイチバン　　　　　　　　　　
1998100029,パレスファミリー　　　　　　　　　　
1998100036,アルファサクセス　　　　　　　　　　
1998100044,タカノロイヤル　　　　　　　　　　　
1998100050,オースミリチャード　　　　　　　　　
1998100057,フェオ　　　　　　　　　　　　　　　
1998100060,ランフォーラヴ　　　　　　　　　　　
1998100063,アバンギャルド　　　　　　　　　　　
1998100064,グランドショウモク　　　　　　　　　
1998100065,イメルエオス　　　　　　　　　　　　
1998100078,タカヒロパレス　　　　　　　　　　　
1998100100,マユネドラゴン　　　　　　　　　　　
1998100101,ケージーコマンダー　　　　　　　　　
1998100114,カンセイハンター　　　　　　　　　　
1998100123,カツラギマドンナ　　　　　　　　　　
1998100126,ホリノロイヤル　　　　　　　　　　　
1998100137,ハートワン　　　　　　　　　　　　　
1998100139,ザスピカ　　　　　　　　　　　　　　
1998100154,パワフルロード　　　　　　　　　　　
1998100167,マルイチテイオー　　　　　　　　　　
1998100173,ブラインドタッチ　　　　　　　　　　
1998100178,カサマツノスター　　　　　　　　　　
1998100184,ノボエンペラー　　　　　　　　　　　
1998100200,ユーエムアスキー　　　　　　　　　　
1998100208,ターフインワン　　　　　　　　　　　
1998100209,ブロードベル　　　　　　　　　　　　
1998100211,ナスケンエアスト　　　　　　　　　　
1998100213,ピーエムウェーヴ　　　　　　　　　　
1998100229,タイムアナード　　　　　　　　　　　
1998100230,リアルヤスコ　　　　　　　　　　　　
1998100237,トウキュウコマンド　　　　　　　　　
1998100249,アイランドファイト　　　　　　　　　
1998100252,キョウワノホコリ　　　　　　　　　　
1998100253,アリシバキング　　　　　　　　　　　
1998100272,タニノドラゴン　　　　　　　　　　　
1998100282,ブリーズウェイ　　　　　　　　　　　
1998100305,カノヤチカラ　　　　　　　　　　　　
1998100311,スズノブレジャー　　　　　　　　　　
1998100324,ストラブスキー　　　　　　　　　　　
1998100327,フジノステージ　　　　　　　　　　　
1998100340,ネイティブクラウン　　　　　　　　　
1998100364,ニッタレヴュー　　　　　　　　　　　
1998100376,ウエデチカラ　　　　　　　　　　　　
1998100385,ノリノリワカサマ　　　　　　　　　　
1998100387,ゴールデンアルジェ　　　　　　　　　
1998100389,ダニエルコスモ　　　　　　　　　　　
1998100390,テンミリオン　　　　　　　　　　　　
1998100397,ブライダルチケット　　　　　　　　　
1998100399,ピーエムタッチ　　　　　　　　　　　
1998100401,レオジュリアン　　　　　　　　　　　
1998100406,クロスポリッシュ　　　　　　　　　　
1998100429,スピードアーク　　　　　　　　　　　
1998100449,ホワイトテンション　　　　　　　　　
1998100450,コマノブリザード　　　　　　　　　　
1998100453,ナンゴクジョオー　　　　　　　　　　
1998100464,リブロードキャスト　　　　　　　　　
1998100500,リアルブルーバード　　　　　　　　　
1998100503,ミカダンディー　　　　　　　　　　　
1998100515,ミツワトップロード　　　　　　　　　
1998100525,ケンヒロミ　　　　　　　　　　　　　
1998100526,ジェネラスレディ　　　　　　　　　　
1998100541,クロシオタイガー　　　　　　　　　　
1998100545,ウイニングスキー　　　　　　　　　　
1998100547,アメリカンハット　　　　　　　　　　
1998100550,ペルシアーナ　　　　　　　　　　　　
1998100571,シルヴァーゼファー　　　　　　　　　
1998100578,カエデホープ　　　　　　　　　　　　
1998100582,カネサイホリデー　　　　　　　　　　
1998100583,レオテンション　　　　　　　　　　　
1998100584,ヤマブキファースト　　　　　　　　　
1998100588,セルリアンアヴァン　　　　　　　　　
1998100592,ユキジョウ　　　　　　　　　　　　　
1998100601,ルタンフィル　　　　　　　　　　　　
1998100616,フォスター　　　　　　　　　　　　　
1998100627,トウカイタイヨウ　　　　　　　　　　
1998100635,ミラクルタカトモ　　　　　　　　　　
1998100637,ミデオンクルーズ　　　　　　　　　　
1998100640,スピリットアンバー　　　　　　　　　
1998100641,タケデンシンドラー　　　　　　　　　
1998100646,ハイフレンドグラス　　　　　　　　　
1998100695,スプライトリー　　　　　　　　　　　
1998100698,バザラタイショウ　　　　　　　　　　
1998100713,ハイフレンドマズル　　　　　　　　　
1998100715,クロスデザイア　　　　　　　　　　　
1998100726,ローレルミレニアム　　　　　　　　　
1998100731,アドマイヤガスト　　　　　　　　　　
1998100746,フジノテンビー　　　　　　　　　　　
1998100749,オールザソフィア　　　　　　　　　　
1998100760,ベルモントシーザー　　　　　　　　　
1998100770,バンケーティング　　　　　　　　　　
1998100781,スカイヴンダバール　　　　　　　　　
1998100786,スターインチーフ　　　　　　　　　　
1998100789,エーピーザショット　　　　　　　　　
1998100800,ノムラシガー　　　　　　　　　　　　
1998100801,スリースペシャル　　　　　　　　　　
1998100810,バニヤンクイーン　　　　　　　　　　
1998100862,スクオールコンドル　　　　　　　　　
1998100866,ウィナーズフレンド　　　　　　　　　
1998100871,オートハヤヒデ　　　　　　　　　　　
1998100900,マヤノモーリス　　　　　　　　　　　
1998100956,フミノモナーク　　　　　　　　　　　
1998100973,ワイエスゴールド　　　　　　　　　　
1998100986,ブラウンマイスター　　　　　　　　　
1998101006,アスワンスペシャル　　　　　　　　　
1998101012,ダンシングサッシュ　　　　　　　　　
1998101027,エクスサンダー　　　　　　　　　　　
1998101031,シルバーフブキ　　　　　　　　　　　
1998101051,スペシャルライス　　　　　　　　　　
1998101058,ロンロン　　　　　　　　　　　　　　
1998101062,ブンブクミッチャン　　　　　　　　　
1998101071,ワイケイテレサ　　　　　　　　　　　
1998101079,フジノハッピー　　　　　　　　　　　
1998101092,ヤマサガリバー　　　　　　　　　　　
1998101093,エンジェルデリー　　　　　　　　　　
1998101130,ブルーエナジー　　　　　　　　　　　
1998101132,ノアブラウン　　　　　　　　　　　　
1998101133,ビッグヌレイエフ　　　　　　　　　　
1998101137,トウシンカホウ　　　　　　　　　　　
1998101143,ニシノエイコーン　　　　　　　　　　
1998101150,ニシノダイダッソウ　　　　　　　　　
1998101151,ニシノマキシマム　　　　　　　　　　
1998101155,ニシノエチュード　　　　　　　　　　
1998101159,ニシノオーディン　　　　　　　　　　
1998101160,ニシノブリッツ　　　　　　　　　　　
1998101164,ニシノテンニョ　　　　　　　　　　　
1998101167,ニシノコマンド　　　　　　　　　　　
1998101170,ニシノレオナルド　　　　　　　　　　
1998101174,ニシノエイム　　　　　　　　　　　　
1998101177,ニシノファラオ　　　　　　　　　　　
1998101178,ニシノハイバース　　　　　　　　　　
1998101186,ニシノバイカル　　　　　　　　　　　
1998101208,アキ　　　　　　　　　　　　　　　　
1998101226,ブルーペガサス　　　　　　　　　　　
1998101237,マルゼンセシル　　　　　　　　　　　
1998101244,プロフェッサー　　　　　　　　　　　
1998101248,ダイジュブリザード　　　　　　　　　
1998101253,キングバローズ　　　　　　　　　　　
1998101256,ビッグピーチ　　　　　　　　　　　　
1998101280,アメージンドリーム　　　　　　　　　
1998101288,グローリアスローズ　　　　　　　　　
1998101299,トーセンノースラン　　　　　　　　　
1998101312,カイブツライデン　　　　　　　　　　
1998101314,アルマーダホウザン　　　　　　　　　
1998101317,キョウニガッショウ　　　　　　　　　
1998101324,ミレーヌピューマ　　　　　　　　　　
1998101327,ケイアイペガサス　　　　　　　　　　
1998101330,コガネウキョウ　　　　　　　　　　　
1998101331,ダッチェス　　　　　　　　　　　　　
1998101340,ダイコーフェザント　　　　　　　　　
1998101350,デンタルダイナ　　　　　　　　　　　
1998101351,サウンドオブキング　　　　　　　　　
1998101366,ヒカルアリシア　　　　　　　　　　　
1998101372,ハッピーマンデー　　　　　　　　　　
1998101373,ウルフ　　　　　　　　　　　　　　　
1998101376,プチブル　　　　　　　　　　　　　　
1998101380,レディワールド　　　　　　　　　　　
1998101392,チトセキング　　　　　　　　　　　　
1998101396,トーアウィルパワー　　　　　　　　　
1998101397,トーアルクソール　　　　　　　　　　
1998101402,ニセンネンノオトコ　　　　　　　　　
1998101403,ジョーショートン　　　　　　　　　　
1998101404,ジョーアルデバラン　　　　　　　　　
1998101409,トップハンター　　　　　　　　　　　
1998101414,ジーエムアクトリス　　　　　　　　　
1998101415,ジーナフォンテン　　　　　　　　　　
1998101417,ヒカルチャンプ　　　　　　　　　　　
1998101435,メジログレシャム　　　　　　　　　　
1998101468,ヤクモトロット　　　　　　　　　　　
1998101471,ホワイトナイル　　　　　　　　　　　
1998101482,マロンテースト　　　　　　　　　　　
1998101495,タイムトゥチェンジ　　　　　　　　　
1998101508,ベルフォルテ　　　　　　　　　　　　
1998101534,ナリタオリンポス　　　　　　　　　　
1998101546,ランタイムルーチン　　　　　　　　　
1998101547,ダンツァフィオーレ　　　　　　　　　
1998101550,ハセノキセキ　　　　　　　　　　　　
1998101551,エスティーゴールド　　　　　　　　　
1998101561,オンユアマーク　　　　　　　　　　　
1998101587,エアスヌープ　　　　　　　　　　　　
1998101611,ティッピング　　　　　　　　　　　　
1998101619,ウインプレジール　　　　　　　　　　
1998101620,チャットルーム　　　　　　　　　　　
1998101623,デュアルライフ　　　　　　　　　　　
1998101630,ダイワプライム　　　　　　　　　　　
1998101653,アンダーマイサム　　　　　　　　　　
1998101699,レザーネック　　　　　　　　　　　　
1998101707,レットミーマックス　　　　　　　　　
1998101710,レッドライトニング　　　　　　　　　
1998101731,スパンカーズベル　　　　　　　　　　
1998101755,ロイヤルダッシャー　　　　　　　　　
1998101756,シュガートレイン　　　　　　　　　　
1998101771,ダイワジェイド　　　　　　　　　　　
1998101775,カツラスナイパー　　　　　　　　　　
1998101779,ナチュラルタレント　　　　　　　　　
1998101784,アサクサマーカス　　　　　　　　　　
1998101811,アドマイヤサクセス　　　　　　　　　
1998101815,キャビンスティル　　　　　　　　　　
1998101821,ニューベリー　　　　　　　　　　　　
1998101825,ヒドゥンヴァレイ　　　　　　　　　　
1998101834,マジックスクエア　　　　　　　　　　
1998101868,トクノステージワン　　　　　　　　　
1998101869,フォーテスペシャル　　　　　　　　　
1998101880,フローレスライン　　　　　　　　　　
1998101886,キャピタルラック　　　　　　　　　　
1998101892,パラダイスヒリュウ　　　　　　　　　
1998101914,ニチドウマジック　　　　　　　　　　
1998101925,ショウリノウタゲ　　　　　　　　　　
1998101930,ゴッドトルネード　　　　　　　　　　
1998101934,アンロバスト　　　　　　　　　　　　
1998101937,ジョージシャトル　　　　　　　　　　
1998101939,トモノイグザンブル　　　　　　　　　
1998101956,マイサクセス　　　　　　　　　　　　
1998101959,メイプルカイドウ　　　　　　　　　　
1998101989,セイエイスタホス　　　　　　　　　　
1998101992,シャワーパーティー　　　　　　　　　
1998102008,フナツレッドイヤー　　　　　　　　　
1998102014,マキノヒット　　　　　　　　　　　　
1998102037,スズノミサイル　　　　　　　　　　　
1998102049,ボストンフミオー　　　　　　　　　　
1998102059,キクノガイア　　　　　　　　　　　　
1998102065,フジノミステリー　　　　　　　　　　
1998102120,ダンシングフラワー　　　　　　　　　
1998102142,トサノティガ　　　　　　　　　　　　
1998102166,ワンダーキャッチャ　　　　　　　　　
1998102168,ミカワパレス　　　　　　　　　　　　
1998102170,アルカングサクラ　　　　　　　　　　
1998102225,マルチラブリー　　　　　　　　　　　
1998102226,オルトムーン　　　　　　　　　　　　
1998102228,トートエスケープ　　　　　　　　　　
1998102237,レオパシフィック　　　　　　　　　　
1998102244,ユアーズレディ　　　　　　　　　　　
1998102262,ウイニングツェーン　　　　　　　　　
1998102275,セトノユタカオー　　　　　　　　　　
1998102280,テイエムサマーオー　　　　　　　　　
1998102288,テルノジークス　　　　　　　　　　　
1998102331,ミチノククイーン　　　　　　　　　　
1998102333,ビッグボナンザ　　　　　　　　　　　
1998102345,シンメイワンダー　　　　　　　　　　
1998102372,グラストップ　　　　　　　　　　　　
1998102374,ナカトップキュート　　　　　　　　　
1998102375,フジノエスペレ　　　　　　　　　　　
1998102392,スズベンチャー　　　　　　　　　　　
1998102393,サンライトハッピー　　　　　　　　　
1998102426,リンデンリバティー　　　　　　　　　
1998102432,モンスターカール　　　　　　　　　　
1998102442,ハーディーガール　　　　　　　　　　
1998102458,ダンタイアップ　　　　　　　　　　　
1998102493,トーエイミシル　　　　　　　　　　　
1998102499,ラフレシアサンデー　　　　　　　　　
1998102501,ショウワシングン　　　　　　　　　　
1998102510,ナイトサンタンダー　　　　　　　　　
1998102515,ファーストクロス　　　　　　　　　　
1998102548,エイシンフジサン　　　　　　　　　　
1998102551,エイシンハリマオー　　　　　　　　　
1998102556,エイシンダイゴ　　　　　　　　　　　
1998102557,エイシンコンドル　　　　　　　　　　
1998102576,アエノメロディー　　　　　　　　　　
1998102578,ダイゼンロイヤル　　　　　　　　　　
1998102579,パワープリンセス　　　　　　　　　　
1998102594,マウントミリオン　　　　　　　　　　
1998102598,レストオブセール　　　　　　　　　　
1998102602,アイノライデン　　　　　　　　　　　
1998102604,ツエルククラウン　　　　　　　　　　
1998102605,グルームジュエル　　　　　　　　　　
1998102610,ミレニアムアイチ　　　　　　　　　　
1998102612,ダンサーズクエスト　　　　　　　　　
1998102619,ツインズジョーカー　　　　　　　　　
1998102626,カミノドール　　　　　　　　　　　　
1998102641,アカキシオ　　　　　　　　　　　　　
1998102643,ゼンノオーロラ　　　　　　　　　　　
1998102649,ハナノデュラブ　　　　　　　　　　　
1998102659,グレートステップ　　　　　　　　　　
1998102675,フィールドホープ　　　　　　　　　　
1998102677,ラベンダードリーム　　　　　　　　　
1998102679,カネツストーリー　　　　　　　　　　
1998102682,ミスターゾロ　　　　　　　　　　　　
1998102687,デゼールロワ　　　　　　　　　　　　
1998102702,マコトセイウン　　　　　　　　　　　
1998102705,マルカセンリョウ　　　　　　　　　　
1998102707,マンジュデンツルギ　　　　　　　　　
1998102711,タガノスキム　　　　　　　　　　　　
1998102714,スリートニービン　　　　　　　　　　
1998102739,マスアワジボーイ　　　　　　　　　　
1998102749,アオイキャプテン　　　　　　　　　　
1998102758,レオオーシャン　　　　　　　　　　　
1998102761,レオスティーク　　　　　　　　　　　
1998102778,ラストアイドル　　　　　　　　　　　
1998102782,ダイヤモンドヒカリ　　　　　　　　　
1998102806,マルイシシャダイ　　　　　　　　　　
1998102807,テンドウ　　　　　　　　　　　　　　
1998102828,ニットウシュリリー　　　　　　　　　
1998102835,アイリッシュエマ　　　　　　　　　　
1998102847,シャドウスナイパー　　　　　　　　　
1998102865,ミカワマドカ　　　　　　　　　　　　
1998102873,マルヨシダイコク　　　　　　　　　　
1998102887,チェリーグルーム　　　　　　　　　　
1998102892,タカノキセキオー　　　　　　　　　　
1998102898,コスモアロー　　　　　　　　　　　　
1998102903,イイオカエース　　　　　　　　　　　
1998102918,エーエスダイナー　　　　　　　　　　
1998102926,ウイスキーロビン　　　　　　　　　　
1998102928,エプソムパンサー　　　　　　　　　　
